Handle,Layer,Length,NumVerts,StartX,StartY,EndX,EndY
C8F95C,dim 800 ngang duong,33.344,2,585155.032,2305511.598,585136.555,2305539.355
C8F95D,XR TNT$0$Xr-TNT-Khai$0$HTKT_TN_D800,25.476,2,585174.222,2305468.413,585160.034,2305489.572
C8F95E,XR TNT$0$Xr-TNT-Khai$0$HTKT_TN_D800,25.001,2,585188.696,2305446.813,585174.823,2305467.612
C8F95F,XR TNT$0$Xr-TNT-Khai$0$HTKT_TN_D800,19.001,2,585199.877,2305430.230,585189.295,2305446.011
C8F960,XR TNT$0$Xr-TNT-Khai$0$HTKT_TN_D800,24.999,2,585214.369,2305408.644,585200.452,2305429.411
C8F961,XR TNT$0$Xr-TNT-Khai$0$HTKT_TN_D800,17.175,2,585224.163,2305393.333,585214.926,2305407.813
C8F962,dim 800 ngang duong,18.341,2,585252.283,2305382.857,585235.708,2305390.707
C8F963,XR TNT$0$Xr-TNT-Khai$0$HTKT_TN_D800,9.708,2,585250.281,2305372.538,585252.116,2305382.071
C8F964,dim 800 ngang duong,9.760,2,585268.888,2305354.245,585263.445,2305362.346
C8F965,dim 800 ngang duong,10.231,2,585296.450,2305313.357,585290.703,2305321.821
C8F967,dim 800 ngang duong,9.865,2,585323.522,2305272.901,585318.028,2305281.094
C8F969,dim 800 ngang duong,10.203,2,585351.022,2305231.979,585345.686,2305240.676
C8F96A,XR TNT$0$Xr-TNT-Khai$0$HTKT_TN_D300,16.768,4,585393.528,2305178.565,585378.972,2305180.865
C8F96B,XR TNT$0$Xr-TNT-Khai$0$HTKT_TN_D300,27.309,2,585431.260,2305476.083,585453.942,2305491.292
C8F96C,XR TNT$0$Xr-TNT-Khai$0$HTKT_TN_D300,22.294,2,585412.150,2305463.296,585430.675,2305475.699
C8F96D,XR TNT$0$Xr-TNT-Khai$0$HTKT_TN_D300,25.295,2,585390.576,2305448.794,585411.582,2305462.886
C8F96E,XR TNT$0$Xr-TNT-Khai$0$HTKT_TN_D300,23.108,2,585370.887,2305435.409,585389.996,2305448.402
C8F96F,XR TNT$0$Xr-TNT-Khai$0$HTKT_TN_D300,28.999,5,585361.352,2305455.203,585370.056,2305434.852
C8F970,XR TNT$0$Xr-TNT-Khai$0$HTKT_TN_D300,19.004,2,585378.078,2305466.175,585362.183,2305455.760
C8F971,XR TNT$0$Xr-TNT-Khai$0$HTKT_TN_D300,25.288,2,585399.707,2305480.581,585378.661,2305466.563
C8F972,XR TNT$0$Xr-TNT-Khai$0$HTKT_TN_D300,22.301,2,585418.774,2305493.447,585400.290,2305480.969
C8F973,XR TNT$0$Xr-TNT-Khai$0$HTKT_TN_D300,27.292,2,585442.024,2305509.033,585419.351,2305493.842
C8F974,dim 300 ngang duong,10.567,2,585425.124,2305353.280,585432.109,2305345.351
C8F975,dim 300 ngang duong,10.443,2,585370.750,2305434.715,585377.652,2305426.878
C8F976,XR TNT$0$Xr-TNT-Khai$0$HTKT_TN_D300,18.704,2,585409.921,2305189.497,585394.359,2305179.122
C8F977,XR TNT$0$Xr-TNT-Khai$0$HTKT_TN_D300,26.985,2,585433.179,2305205.060,585410.736,2305190.077
C8F978,XR TNT$0$Xr-TNT-Khai$0$HTKT_TN_D300,22.007,2,585452.249,2305217.929,585434.014,2305205.609
C8F979,XR TNT$0$Xr-TNT-Khai$0$HTKT_TN_D300,24.300,2,585473.295,2305231.971,585453.080,2305218.486
C8F97A,dim 300 ngang duong,22.382,3,585489.096,2305249.137,585474.126,2305232.528
C8F97B,dim 300 ngang duong,10.296,2,585004.807,2305248.050,584996.093,2305242.565
C8F97C,dim 300 ngang duong,10.304,2,585045.393,2305275.510,585036.690,2305269.992
C8F97D,dim 300 ngang duong,10.306,2,585086.130,2305302.749,585077.624,2305296.929
C8F97E,dim 300 ngang duong,10.303,2,585126.838,2305330.033,585118.251,2305324.338
C8F97F,dim 300 ngang duong,10.305,2,585169.263,2305354.727,585160.539,2305349.241
C8F980,dim 300 ngang duong,10.302,2,585257.622,2305415.078,585248.959,2305409.503
C8F981,dim 300 ngang duong,11.403,2,585287.545,2305429.807,585276.313,2305427.841
C8F982,dim 300 ngang duong,10.304,2,585422.112,2305525.294,585413.404,2305519.784
C8F983,dim 300 ngang duong,16.317,2,585454.581,2305546.867,585441.241,2305537.471
C8F984,dim 300 ngang duong,10.075,2,585481.963,2305564.777,585473.168,2305559.863
C8F985,XR TNT$0$Xr-TNT-Khai$0$HTKT_TN_D300,23.300,2,585002.129,2305341.212,584989.152,2305360.564
C8F986,XR TNT$0$Xr-TNT-Khai$0$HTKT_TN_D300,23.300,2,585015.496,2305321.279,585002.519,2305340.631
C8F987,XR TNT$0$Xr-TNT-Khai$0$HTKT_TN_D300,23.300,2,585028.862,2305301.346,585015.885,2305320.698
C8F988,XR TNT$0$Xr-TNT-Khai$0$HTKT_TN_D300,15.300,2,585037.773,2305288.057,585029.252,2305300.764
C8F989,XR TNT$0$Xr-TNT-Khai$0$HTKT_TN_D300,13.512,2,585045.551,2305276.163,585038.163,2305287.476
C8F98A,XR TNT$0$Xr-TNT-Khai$0$HTKT_TN_D300,23.748,4,585066.445,2305278.194,585046.117,2305275.338
C8F98B,XR TNT$0$Xr-TNT-Khai$0$HTKT_TN_D300,23.373,4,585077.527,2305296.261,585067.256,2305278.756
C8F98C,XR TNT$0$Xr-TNT-Khai$0$HTKT_TN_D300,13.698,2,585069.203,2305308.316,585076.958,2305297.025
C8F98D,XR TNT$0$Xr-TNT-Khai$0$HTKT_TN_D300,15.297,2,585060.297,2305321.582,585068.819,2305308.880
C8F98E,XR TNT$0$Xr-TNT-Khai$0$HTKT_TN_D300,23.300,2,585046.930,2305341.515,585059.907,2305322.164
C8F98F,XR TNT$0$Xr-TNT-Khai$0$HTKT_TN_D300,23.300,2,585033.564,2305361.449,585046.541,2305342.097
C8F990,XR TNT$0$Xr-TNT-Khai$0$HTKT_TN_D300,23.300,2,585020.197,2305381.382,585033.174,2305362.030
C8F991,XR TNT$0$Xr-TNT-Khai$0$HTKT_TN_D300,23.300,2,585042.826,2305368.502,585029.849,2305387.854
C8F992,XR TNT$0$Xr-TNT-Khai$0$HTKT_TN_D300,23.300,2,585056.193,2305348.569,585043.216,2305367.921
C8F993,XR TNT$0$Xr-TNT-Khai$0$HTKT_TN_D300,23.300,2,585069.559,2305328.636,585056.583,2305347.988
C8F994,XR TNT$0$Xr-TNT-Khai$0$HTKT_TN_D300,15.302,2,585078.473,2305315.347,585069.949,2305328.055
C8F995,XR TNT$0$Xr-TNT-Khai$0$HTKT_TN_D300,13.524,2,585086.255,2305303.440,585078.859,2305314.763
C8F996,XR TNT$0$Xr-TNT-Khai$0$HTKT_TN_D300,23.675,4,585107.144,2305305.483,585086.812,2305302.610
C8F997,XR TNT$0$Xr-TNT-Khai$0$HTKT_TN_D300,23.582,4,585118.075,2305323.684,585107.972,2305306.043
C8F998,XR TNT$0$Xr-TNT-Khai$0$HTKT_TN_D300,13.491,2,585109.831,2305335.534,585117.565,2305324.480
C8F999,XR TNT$0$Xr-TNT-Khai$0$HTKT_TN_D300,15.300,2,585100.920,2305348.823,585109.441,2305336.115
C8F99A,XR TNT$0$Xr-TNT-Khai$0$HTKT_TN_D300,23.300,2,585087.553,2305368.756,585100.530,2305349.404
C8F99B,XR TNT$0$Xr-TNT-Khai$0$HTKT_TN_D300,23.300,2,585074.261,2305388.739,585087.187,2305369.353
C8F99C,XR TNT$0$Xr-TNT-Khai$0$HTKT_TN_D300,23.299,2,585060.810,2305408.615,585073.871,2305389.320
C8F99D,XR TNT$0$Xr-TNT-Khai$0$HTKT_TN_D300,23.300,2,585083.523,2305395.793,585070.546,2305415.144
C8F99E,XR TNT$0$Xr-TNT-Khai$0$HTKT_TN_D300,23.263,2,585096.869,2305375.890,585083.913,2305395.211
C8F99F,XR TNT$0$Xr-TNT-Khai$0$HTKT_TN_D300,23.300,2,585110.256,2305355.926,585097.280,2305375.278
C8F9A0,XR TNT$0$Xr-TNT-Khai$0$HTKT_TN_D300,15.300,2,585119.167,2305342.637,585110.646,2305355.345
C8F9A1,XR TNT$0$Xr-TNT-Khai$0$HTKT_TN_D300,13.542,2,585126.972,2305330.725,585119.557,2305342.056
C8F9A2,XR TNT$0$Xr-TNT-Khai$0$HTKT_TN_D300,23.718,4,585147.841,2305332.773,585127.522,2305329.890
C8F9A3,XR TNT$0$Xr-TNT-Khai$0$HTKT_TN_D300,20.772,3,585160.381,2305348.580,585148.669,2305333.333
C8F9A4,XR TNT$0$Xr-TNT-Khai$0$HTKT_TN_D300,16.057,2,585150.903,2305362.714,585159.846,2305349.378
C8F9A5,XR TNT$0$Xr-TNT-Khai$0$HTKT_TN_D300,23.301,2,585137.236,2305382.807,585150.346,2305363.545
C8F9A6,XR TNT$0$Xr-TNT-Khai$0$HTKT_TN_D300,15.300,2,585128.324,2305396.096,585136.846,2305383.388
C8F9A7,XR TNT$0$Xr-TNT-Khai$0$HTKT_TN_D300,23.300,2,585114.958,2305416.029,585127.935,2305396.677
C8F9A8,XR TNT$0$Xr-TNT-Khai$0$HTKT_TN_D300,23.300,2,585101.591,2305435.962,585114.568,2305416.610
C8F9A9,XR TNT$0$Xr-TNT-Khai$0$HTKT_TN_D300,23.300,2,585124.220,2305423.083,585111.243,2305442.435
C8F9AA,XR TNT$0$Xr-TNT-Khai$0$HTKT_TN_D300,23.300,2,585137.587,2305403.150,585124.610,2305422.501
C8F9AB,XR TNT$0$Xr-TNT-Khai$0$HTKT_TN_D300,23.300,2,585150.953,2305383.216,585137.977,2305402.568
C8F9AC,XR TNT$0$Xr-TNT-Khai$0$HTKT_TN_D300,15.301,2,585159.731,2305369.838,585151.343,2305382.635
C8F9AD,XR TNT$0$Xr-TNT-Khai$0$HTKT_TN_D300,16.356,2,585169.395,2305355.421,585160.288,2305369.007
C8F9AE,XR TNT$0$Xr-TNT-Khai$0$HTKT_TN_D300,20.798,3,585188.538,2305360.061,585169.958,2305354.595
C8F9AF,XR TNT$0$Xr-TNT-Khai$0$HTKT_TN_D300,23.305,3,585202.365,2305377.594,585189.363,2305360.627
C8F9B0,XR TNT$0$Xr-TNT-Khai$0$HTKT_TN_D300,15.605,2,585192.960,2305391.278,585201.808,2305378.424
C8F9B1,XR TNT$0$Xr-TNT-Khai$0$HTKT_TN_D300,15.300,2,585184.049,2305404.567,585192.570,2305391.859
C8F9B2,XR TNT$0$Xr-TNT-Khai$0$HTKT_TN_D300,23.300,2,585170.683,2305424.500,585183.659,2305405.148
C8F9B3,XR TNT$0$Xr-TNT-Khai$0$HTKT_TN_D300,23.300,2,585157.316,2305444.433,585170.293,2305425.081
C8F9B4,XR TNT$0$Xr-TNT-Khai$0$HTKT_TN_D300,23.300,2,585143.949,2305464.366,585156.926,2305445.014
C8F9B5,dim 300 ngang duong,11.033,2,585492.963,2305648.268,585502.315,2305654.122
C8F9B6,dim 300 ngang duong,10.325,2,585465.919,2305629.953,585474.522,2305635.661
C8F9B7,dim 300 ngang duong,10.590,2,585601.823,2305486.582,585609.117,2305494.260
C8F9B8,XR TNT$0$Xr-TNT-Khai$0$HTKT_TN_D300,17.621,2,585267.815,2305392.428,585253.159,2305382.646
C8F9B9,XR TNT$0$Xr-TNT-Khai$0$HTKT_TN_D300,24.301,2,585288.921,2305406.380,585268.653,2305392.974
C8F9BA,XR TNT$0$Xr-TNT-Khai$0$HTKT_TN_D300,25.300,2,585310.516,2305420.860,585289.505,2305406.766
C8F9BB,XR TNT$0$Xr-TNT-Khai$0$HTKT_TN_D300,24.300,2,585331.279,2305434.784,585311.099,2305421.247
C8F9BC,dim 800 ngang duong,44.541,2,585378.070,2305181.043,585348.311,2305147.902
C8F9BD,dim 300 ngang duong,11.222,2,585336.475,2304733.650,585346.726,2304738.217
C8F9BE,XR TNT$0$Xr-TNT-Khai$0$HTKT_TN_D300,26.300,2,585373.444,2304678.634,585388.091,2304656.791
C8F9BF,XR TNT$0$Xr-TNT-Khai$0$HTKT_TN_D300,26.300,2,585358.406,2304701.059,585373.054,2304679.216
C8F9C0,XR TNT$0$Xr-TNT-Khai$0$HTKT_TN_D300,17.300,2,585348.381,2304716.009,585358.017,2304701.641
C8F9C1,XR TNT$0$Xr-TNT-Khai$0$HTKT_TN_D300,19.876,2,585336.848,2304733.049,585347.992,2304716.591
C8F9C2,XR TNT$0$Xr-TNT-Khai$0$HTKT_TN_D300,19.010,3,585319.368,2304726.347,585335.874,2304733.277
C8F9C3,XR TNT$0$Xr-TNT-Khai$0$HTKT_TN_D300,29.610,4,585311.238,2304703.337,585317.845,2304725.874
C8F9C4,XR TNT$0$Xr-TNT-Khai$0$HTKT_TN_D300,26.300,2,585326.972,2304680.823,585312.324,2304702.666
C8F9C5,XR TNT$0$Xr-TNT-Khai$0$HTKT_TN_D300,26.300,2,585342.009,2304658.398,585327.361,2304680.242
C8F9C6,XR TNT$0$Xr-TNT-Khai$0$HTKT_TN_D300,26.263,2,585357.026,2304636.004,585342.399,2304657.817
C8F9C7,XR TNT$0$Xr-TNT-Khai$0$HTKT_TN_D300,26.300,2,585301.309,2304786.207,585315.956,2304764.364
C8F9C8,XR TNT$0$Xr-TNT-Khai$0$HTKT_TN_D300,26.300,2,585286.271,2304808.632,585300.919,2304786.789
C8F9C9,XR TNT$0$Xr-TNT-Khai$0$HTKT_TN_D300,26.300,2,585271.234,2304831.057,585285.882,2304809.214
C8F9CA,XR TNT$0$Xr-TNT-Khai$0$HTKT_TN_D300,15.815,2,585262.170,2304844.862,585270.844,2304831.638
C8F9CB,XR TNT$0$Xr-TNT-Khai$0$HTKT_TN_D300,21.383,3,585242.553,2304840.900,585261.578,2304845.669
C8F9CC,XR TNT$0$Xr-TNT-Khai$0$HTKT_TN_D300,21.316,3,585230.464,2304824.464,585241.722,2304840.343
C8F9CD,XR TNT$0$Xr-TNT-Khai$0$HTKT_TN_D300,15.531,2,585239.799,2304810.821,585231.021,2304823.633
C8F9CE,XR TNT$0$Xr-TNT-Khai$0$HTKT_TN_D300,26.300,2,585254.837,2304788.396,585240.189,2304810.239
C8F9CF,XR TNT$0$Xr-TNT-Khai$0$HTKT_TN_D300,26.300,2,585269.874,2304765.971,585255.226,2304787.814
C8F9D0,XR TNT$0$Xr-TNT-Khai$0$HTKT_TN_D300,26.300,2,585284.911,2304743.546,585270.264,2304765.390
C8F9D1,dim 300 ngang duong,11.506,2,585262.307,2304845.556,585268.005,2304855.552
C8F9D2,dim 300 ngang duong,13.311,2,585420.611,2304961.403,585433.861,2304960.133
C8F9D3,dim 300 ngang duong,10.269,2,585539.220,2305172.913,585530.529,2305167.444
C8F9D4,dim 300 ngang duong,10.304,2,585566.628,2305191.281,585557.957,2305185.714
C8F9D5,XR TNT$0$Xr-TNT-Khai$0$HTKT_TN_D300,25.300,2,585580.387,2305171.943,585594.478,2305150.930
C8F9D6,XR TNT$0$Xr-TNT-Khai$0$HTKT_TN_D300,22.525,2,585567.321,2305191.145,585579.997,2305172.524
C8F9D7,XR TNT$0$Xr-TNT-Khai$0$HTKT_TN_D300,30.157,5,585586.739,2305201.125,585566.764,2305191.975
C8F9D8,XR TNT$0$Xr-TNT-Khai$0$HTKT_TN_D300,19.300,2,585597.753,2305184.431,585587.045,2305200.488
C8F9D9,XR TNT$0$Xr-TNT-Khai$0$HTKT_TN_D300,25.293,2,585612.221,2305162.837,585598.143,2305183.850
C8F9DA,XR TNT$0$Xr-TNT-Khai$0$HTKT_TN_D300,23.300,2,585370.006,2305035.684,585382.982,2305016.332
C8F9DB,XR TNT$0$Xr-TNT-Khai$0$HTKT_TN_D300,23.300,2,585356.639,2305055.617,585369.616,2305036.265
C8F9DC,XR TNT$0$Xr-TNT-Khai$0$HTKT_TN_D300,23.300,2,585343.272,2305075.550,585356.249,2305056.198
C8F9DD,XR TNT$0$Xr-TNT-Khai$0$HTKT_TN_D300,15.301,2,585334.495,2305088.929,585342.882,2305076.132
C8F9DE,XR TNT$0$Xr-TNT-Khai$0$HTKT_TN_D300,13.209,2,585326.581,2305100.730,585333.938,2305089.759
C8F9DF,XR TNT$0$Xr-TNT-Khai$0$HTKT_TN_D300,23.942,4,585305.648,2305098.724,585326.028,2305101.563
C8F9E0,XR TNT$0$Xr-TNT-Khai$0$HTKT_TN_D300,23.752,4,585294.938,2305080.315,585304.820,2305098.164
C8F9E1,XR TNT$0$Xr-TNT-Khai$0$HTKT_TN_D300,12.876,2,585302.626,2305068.762,585295.495,2305079.484
C8F9E2,XR TNT$0$Xr-TNT-Khai$0$HTKT_TN_D300,15.301,2,585311.837,2305055.314,585303.183,2305067.932
C8F9E3,XR TNT$0$Xr-TNT-Khai$0$HTKT_TN_D300,23.300,2,585325.204,2305035.381,585312.227,2305054.732
C8F9E4,XR TNT$0$Xr-TNT-Khai$0$HTKT_TN_D300,23.300,2,585338.571,2305015.447,585325.594,2305034.799
C8F9E5,XR TNT$0$Xr-TNT-Khai$0$HTKT_TN_D300,23.394,2,585351.989,2304995.436,585338.961,2305014.866
C8F9E6,XR TNT$0$Xr-TNT-Khai$0$HTKT_TN_D300,23.300,2,585329.308,2305008.394,585342.285,2304989.042
C8F9E7,XR TNT$0$Xr-TNT-Khai$0$HTKT_TN_D300,23.300,2,585315.942,2305028.327,585328.919,2305008.975
C8F9E8,XR TNT$0$Xr-TNT-Khai$0$HTKT_TN_D300,23.300,2,585302.575,2305048.260,585315.552,2305028.908
C8F9E9,XR TNT$0$Xr-TNT-Khai$0$HTKT_TN_D300,15.300,2,585293.664,2305061.549,585302.185,2305048.841
C8F9EA,XR TNT$0$Xr-TNT-Khai$0$HTKT_TN_D300,13.478,2,585285.943,2305073.440,585293.274,2305062.130
C8F9EB,XR TNT$0$Xr-TNT-Khai$0$HTKT_TN_D300,23.972,4,585264.951,2305071.434,585285.386,2305074.270
C8F9EC,XR TNT$0$Xr-TNT-Khai$0$HTKT_TN_D300,0.000,2,585264.577,2305071.362,585264.577,2305071.362
C8F9ED,XR TNT$0$Xr-TNT-Khai$0$HTKT_TN_D300,23.903,4,585254.042,2305052.964,585264.123,2305070.874
C8F9EE,XR TNT$0$Xr-TNT-Khai$0$HTKT_TN_D300,12.937,2,585261.929,2305041.472,585254.611,2305052.141
C8F9EF,XR TNT$0$Xr-TNT-Khai$0$HTKT_TN_D300,15.301,2,585271.140,2305028.024,585262.486,2305040.642
C8F9F0,XR TNT$0$Xr-TNT-Khai$0$HTKT_TN_D300,23.300,2,585284.507,2305008.090,585271.530,2305027.442
C8F9F1,XR TNT$0$Xr-TNT-Khai$0$HTKT_TN_D300,23.309,2,585297.874,2304988.157,585284.892,2305007.517
C8F9F2,XR TNT$0$Xr-TNT-Khai$0$HTKT_TN_D300,23.394,2,585311.292,2304968.146,585298.264,2304987.576
C8F9F3,XR TNT$0$Xr-TNT-Khai$0$HTKT_TN_D300,23.300,2,585247.914,2304953.813,585260.891,2304934.461
C8F9F4,XR TNT$0$Xr-TNT-Khai$0$HTKT_TN_D300,23.300,2,585234.548,2304973.747,585247.525,2304954.395
C8F9F5,XR TNT$0$Xr-TNT-Khai$0$HTKT_TN_D300,23.300,2,585221.181,2304993.680,585234.158,2304974.328
C8F9F6,XR TNT$0$Xr-TNT-Khai$0$HTKT_TN_D300,15.301,2,585212.404,2305007.058,585220.791,2304994.261
C8F9F7,XR TNT$0$Xr-TNT-Khai$0$HTKT_TN_D300,13.205,2,585204.485,2305018.851,585211.847,2305007.889
C8F9F8,XR TNT$0$Xr-TNT-Khai$0$HTKT_TN_D300,23.946,4,585183.557,2305016.853,585203.928,2305019.681
C8F9F9,XR TNT$0$Xr-TNT-Khai$0$HTKT_TN_D300,23.733,4,585172.786,2304998.468,585182.729,2305016.293
C8F9FA,XR TNT$0$Xr-TNT-Khai$0$HTKT_TN_D300,12.930,2,585180.545,2304986.899,585173.343,2304997.638
C8F9FB,XR TNT$0$Xr-TNT-Khai$0$HTKT_TN_D300,15.294,2,585189.746,2304973.443,585181.096,2304986.056
C8F9FC,XR TNT$0$Xr-TNT-Khai$0$HTKT_TN_D300,23.300,2,585203.113,2304953.510,585190.136,2304972.862
C8F9FD,XR TNT$0$Xr-TNT-Khai$0$HTKT_TN_D300,23.300,2,585216.480,2304933.577,585203.503,2304952.929
C8F9FE,XR TNT$0$Xr-TNT-Khai$0$HTKT_TN_D300,23.300,2,585229.846,2304913.644,585216.869,2304932.996
C8F9FF,dim 300 ngang duong,10.304,2,585326.722,2305101.426,585335.443,2305106.913
C8FA00,dim 300 ngang duong,10.304,2,585245.196,2305046.791,585253.918,2305052.278
C8FA01,dim 300 ngang duong,10.304,2,585204.622,2305019.545,585213.343,2305025.032
C8FA02,dim 300 ngang duong,10.293,2,585163.928,2304992.309,585172.650,2304997.774
C8FA03,XR TNT$0$Xr-TNT-Khai$0$HTKT_TN_D300,23.300,2,585207.217,2304926.523,585220.194,2304907.171
C8FA04,XR TNT$0$Xr-TNT-Khai$0$HTKT_TN_D300,23.300,2,585193.851,2304946.456,585206.828,2304927.105
C8FA05,XR TNT$0$Xr-TNT-Khai$0$HTKT_TN_D300,23.300,2,585180.484,2304966.390,585193.461,2304947.038
C8FA06,XR TNT$0$Xr-TNT-Khai$0$HTKT_TN_D300,15.301,2,585171.707,2304979.768,585180.094,2304966.971
C8FA07,XR TNT$0$Xr-TNT-Khai$0$HTKT_TN_D300,13.230,2,585163.791,2304991.593,585171.150,2304980.598
C8FA08,XR TNT$0$Xr-TNT-Khai$0$HTKT_TN_D300,23.920,4,585142.860,2304989.563,585163.234,2304992.424
C8FA09,XR TNT$0$Xr-TNT-Khai$0$HTKT_TN_D300,21.130,3,585130.821,2304973.097,585142.032,2304989.003
C8FA0A,XR TNT$0$Xr-TNT-Khai$0$HTKT_TN_D300,15.530,2,585140.005,2304959.353,585131.378,2304972.266
C8FA0B,XR TNT$0$Xr-TNT-Khai$0$HTKT_TN_D300,15.001,2,585149.049,2304946.153,585140.562,2304958.522
C8FA0C,XR TNT$0$Xr-TNT-Khai$0$HTKT_TN_D300,23.300,2,585162.416,2304926.220,585149.439,2304945.572
C8FA0D,XR TNT$0$Xr-TNT-Khai$0$HTKT_TN_D300,23.300,2,585175.783,2304906.287,585162.806,2304925.639
C8FA0E,XR TNT$0$Xr-TNT-Khai$0$HTKT_TN_D300,23.300,2,585189.149,2304886.354,585176.172,2304905.705
C8FA0F,XR TNT$0$Xr-TNT-Khai$0$HTKT_TN_D300,23.925,3,585413.552,2305163.155,585392.412,2305156.890
C8FA10,XR TNT$0$Xr-TNT-Khai$0$HTKT_TN_D300,17.420,2,585423.747,2305147.813,585414.089,2305162.312
C8FA11,XR TNT$0$Xr-TNT-Khai$0$HTKT_TN_D300,29.699,2,585440.907,2305122.359,585424.303,2305146.983
C8FA12,XR TNT$0$Xr-TNT-Khai$0$HTKT_TN_D300,32.000,2,585459.286,2305094.951,585441.464,2305121.528
C8FA13,XR TNT$0$Xr-TNT-Khai$0$HTKT_TN_D300,27.000,2,585474.881,2305071.695,585459.843,2305094.120
C8FA14,dim 300 ngang duong,25.235,3,585488.230,2305049.120,585475.438,2305070.865
C8FA15,dim 300 ngang duong,35.891,2,585500.440,2305014.368,585488.717,2305048.290
C8FA16,dim 300 ngang duong,10.308,2,585422.927,2305168.533,585414.226,2305163.005
C8FA17,dim 300 ngang duong,12.407,2,585452.575,2305187.307,585441.715,2305181.307
C8FA18,dim 300 ngang duong,16.344,2,585619.846,2305300.494,585606.123,2305291.617
C8FA19,dim 300 ngang duong,32.560,3,585662.556,2305335.176,585638.551,2305313.335
C8FA1A,XR TNT$0$Xr-TNT-Khai$0$HTKT_TN_D300,28.995,2,585687.541,2305351.773,585663.391,2305335.727
C8FA1B,XR TNT$0$Xr-TNT-Khai$0$HTKT_TN_D300,27.576,2,585711.297,2305367.655,585688.374,2305352.325
C8FA1C,dim 300 ngang duong,19.313,2,585731.177,2305371.426,585712.133,2305368.215
C8FA1D,dim 300 ngang duong,16.642,2,585355.961,2305133.138,585343.154,2305143.766
C8FA1E,XR TNT$0$Xr-TNT-Khai$0$HTKT_TN_D300,23.394,2,585379.658,2305042.156,585392.687,2305022.726
C8FA1F,XR TNT$0$Xr-TNT-Khai$0$HTKT_TN_D300,23.300,2,585366.291,2305062.089,585379.268,2305042.738
C8FA20,XR TNT$0$Xr-TNT-Khai$0$HTKT_TN_D300,23.300,2,585352.924,2305082.023,585365.901,2305062.671
C8FA21,XR TNT$0$Xr-TNT-Khai$0$HTKT_TN_D300,15.301,2,585343.880,2305095.222,585352.535,2305082.604
C8FA22,XR TNT$0$Xr-TNT-Khai$0$HTKT_TN_D300,12.909,2,585336.134,2305106.774,585343.323,2305096.053
C8FA23,XR TNT$0$Xr-TNT-Khai$0$HTKT_TN_D300,36.389,4,585355.838,2305132.424,585335.580,2305107.607
C8FA24,XR TNT$0$Xr-TNT-Khai$0$HTKT_TN_D300,27.624,4,585376.296,2305118.163,585356.655,2305133.001
C8FA25,XR TNT$0$Xr-TNT-Khai$0$HTKT_TN_D300,23.000,2,585389.662,2305098.230,585376.853,2305117.333
C8FA26,XR TNT$0$Xr-TNT-Khai$0$HTKT_TN_D300,23.000,2,585403.029,2305078.297,585390.219,2305097.399
C8FA27,XR TNT$0$Xr-TNT-Khai$0$HTKT_TN_D300,23.000,2,585416.396,2305058.363,585403.586,2305077.466
C8FA28,XR TNT$0$Xr-TNT-Khai$0$HTKT_TN_D300,27.630,2,585432.365,2305034.601,585416.899,2305057.497
C8FA29,dim 300 ngang duong,33.797,2,585455.504,2304984.242,585437.095,2305012.585
C8FA2A,dim 300 ngang duong,11.405,2,585524.161,2305017.687,585512.899,2305015.888
C8FA2B,dim 300 ngang duong,10.532,2,585578.377,2305055.250,585568.579,2305051.389
C8FA2C,dim 300 ngang duong,10.464,2,585604.692,2305075.304,585597.064,2305068.142
C8FA2D,dim 300 ngang duong,10.402,2,585632.080,2305093.656,585624.496,2305086.537
C8FA2E,dim 300 ngang duong,10.898,2,585754.437,2305173.310,585743.847,2305170.740
C8FA2F,dim 300 ngang duong,10.449,2,585780.839,2305193.279,585773.140,2305186.214
C8FA30,XR TNT$0$Xr-TNT-Khai$0$HTKT_TN_D300,27.300,2,585630.400,2304839.527,585645.585,2304816.840
C8FA31,XR TNT$0$Xr-TNT-Khai$0$HTKT_TN_D300,22.300,2,585617.571,2304858.617,585630.010,2304840.108
C8FA32,XR TNT$0$Xr-TNT-Khai$0$HTKT_TN_D300,25.300,2,585603.091,2304880.211,585617.181,2304859.198
C8FA33,XR TNT$0$Xr-TNT-Khai$0$HTKT_TN_D300,14.301,2,585594.848,2304892.744,585602.701,2304880.792
C8FA34,XR TNT$0$Xr-TNT-Khai$0$HTKT_TN_D300,16.030,3,585582.619,2304902.798,585594.299,2304893.580
C8FA35,XR TNT$0$Xr-TNT-Khai$0$HTKT_TN_D300,28.751,4,585567.705,2304881.767,585581.788,2304902.241
C8FA36,XR TNT$0$Xr-TNT-Khai$0$HTKT_TN_D300,19.301,2,585579.131,2304864.987,585568.262,2304880.936
C8FA37,XR TNT$0$Xr-TNT-Khai$0$HTKT_TN_D300,25.300,2,585593.611,2304843.393,585579.521,2304864.406
C8FA38,XR TNT$0$Xr-TNT-Khai$0$HTKT_TN_D300,22.300,2,585606.407,2304824.281,585594.001,2304842.811
C8FA39,XR TNT$0$Xr-TNT-Khai$0$HTKT_TN_D300,27.300,2,585622.015,2304801.035,585606.797,2304823.699
C8FA3A,XR TNT$0$Xr-TNT-Khai$0$HTKT_TN_D300,27.281,2,585822.244,2304968.142,585837.446,2304945.489
C8FA3B,XR TNT$0$Xr-TNT-Khai$0$HTKT_TN_D300,22.324,2,585809.429,2304987.270,585821.862,2304968.729
C8FA3C,XR TNT$0$Xr-TNT-Khai$0$HTKT_TN_D300,25.300,2,585794.948,2305008.865,585809.039,2304987.852
C8FA3D,XR TNT$0$Xr-TNT-Khai$0$HTKT_TN_D300,21.757,2,585782.558,2305027.594,585794.558,2305009.446
C8FA3E,XR TNT$0$Xr-TNT-Khai$0$HTKT_TN_D300,26.275,4,585762.957,2305017.893,585782.001,2305028.425
C8FA3F,XR TNT$0$Xr-TNT-Khai$0$HTKT_TN_D300,23.616,2,585776.802,2304997.539,585763.531,2305017.073
C8FA40,XR TNT$0$Xr-TNT-Khai$0$HTKT_TN_D300,25.300,2,585791.283,2304975.945,585777.192,2304996.958
C8FA41,XR TNT$0$Xr-TNT-Khai$0$HTKT_TN_D300,22.300,2,585804.105,2304956.851,585791.672,2304975.364
C8FA42,XR TNT$0$Xr-TNT-Khai$0$HTKT_TN_D300,27.300,2,585819.687,2304933.587,585804.482,2304956.261
C8FA43,dim 300 ngang duong,31.132,3,585569.282,2304930.917,585581.925,2304902.935
C8FA44,XR TNT$0$Xr-TNT-Khai$0$HTKT_TN_D300,18.950,2,585558.171,2304947.486,585568.725,2304931.747
C8FA45,XR TNT$0$Xr-TNT-Khai$0$HTKT_TN_D300,25.000,2,585543.663,2304969.122,585557.587,2304948.358
C8FA46,XR TNT$0$Xr-TNT-Khai$0$HTKT_TN_D300,24.997,2,585529.049,2304990.623,585543.106,2304969.953
C8FA47,XR TNT$0$Xr-TNT-Khai$0$HTKT_TN_D300,28.781,2,585512.762,2305015.194,585528.675,2304991.212
C8FA48,XR TNT$0$Xr-TNT-Khai$0$HTKT_TN_D300,12.358,3,585501.134,2305014.231,585512.210,2305016.028
C8FA49,XR TNT$0$Xr-TNT-Khai$0$HTKT_TN_D300,23.143,4,585490.790,2304996.281,585500.317,2305013.674
C8FA4A,XR TNT$0$Xr-TNT-Khai$0$HTKT_TN_D300,24.306,2,585505.089,2304975.403,585491.347,2304995.451
C8FA4B,XR TNT$0$Xr-TNT-Khai$0$HTKT_TN_D300,25.300,2,585519.570,2304953.809,585505.479,2304974.822
C8FA4C,XR TNT$0$Xr-TNT-Khai$0$HTKT_TN_D300,22.298,2,585532.353,2304934.688,585519.964,2304953.227
C8FA4D,XR TNT$0$Xr-TNT-Khai$0$HTKT_TN_D300,27.300,2,585547.974,2304911.451,585532.743,2304934.107
C8FA4E,dim 300 ngang duong,10.325,2,585911.471,2305116.952,585902.832,2305111.299
C8FA4F,XR TNT$0$Xr-TNT-Khai$0$HTKT_TN_D300,19.676,2,585923.243,2305100.554,585912.165,2305116.815
C8FA50,XR TNT$0$Xr-TNT-Khai$0$HTKT_TN_D300,27.300,2,585938.837,2305077.299,585923.633,2305099.973
C8FA51,XR TNT$0$Xr-TNT-Khai$0$HTKT_TN_D300,23.800,2,585952.483,2305056.950,585939.227,2305076.717
C8FA52,XR TNT$0$Xr-TNT-Khai$0$HTKT_TN_D300,23.800,2,585966.128,2305036.602,585952.872,2305056.369
C8FA53,dim 300 ngang duong,12.755,2,585599.442,2304905.388,585594.985,2304893.438
C8FA54,dim 300 ngang duong,10.385,2,585626.782,2304923.721,585617.155,2304919.826
C8FA55,dim 300 ngang duong,11.396,2,585654.234,2304942.130,585648.513,2304932.274
C8FA56,dim 300 ngang duong,11.439,2,585681.652,2304960.515,585675.892,2304950.633
C8FA57,dim 300 ngang duong,11.508,2,585709.128,2304978.940,585703.303,2304969.014
C8FA58,dim 300 ngang duong,11.427,2,585736.447,2304997.259,585730.697,2304987.384
C8FA59,dim 300 ngang duong,16.287,2,585796.382,2305037.115,585782.694,2305028.288
C8FA5A,dim 300 ngang duong,10.246,2,585830.419,2305059.916,585821.532,2305054.817
C8FA5B,dim 300 ngang duong,10.591,2,585857.912,2305078.349,585848.007,2305074.602
C8FA5C,dim 300 ngang duong,10.585,2,585885.282,2305096.700,585875.384,2305092.949
C8FA5D,XR TNT$0$Xr-TNT-Khai$0$HTKT_TN_D300,32.978,3,585402.757,2305127.720,585391.536,2305156.401
C8FA5E,XR TNT$0$Xr-TNT-Khai$0$HTKT_TN_D300,30.000,2,585420.156,2305102.062,585403.314,2305126.889
C8FA5F,XR TNT$0$Xr-TNT-Khai$0$HTKT_TN_D300,27.300,2,585435.750,2305078.807,585420.546,2305101.481
C8FA60,XR TNT$0$Xr-TNT-Khai$0$HTKT_TN_D300,27.319,2,585451.355,2305055.536,585436.140,2305078.225
C8FA61,XR TNT$0$Xr-TNT-Khai$0$HTKT_TN_D300,28.076,2,585617.323,2305462.570,585601.686,2305485.889
C8FA62,XR TNT$0$Xr-TNT-Khai$0$HTKT_TN_D300,24.724,2,585631.650,2305441.205,585617.840,2305461.713
C8FA63,XR TNT$0$Xr-TNT-Khai$0$HTKT_TN_D300,20.406,2,585643.564,2305423.421,585632.207,2305440.375
C8FA64,XR TNT$0$Xr-TNT-Khai$0$HTKT_TN_D300,31.594,2,585661.717,2305396.350,585644.121,2305422.590
C8FA65,XR TNT$0$Xr-TNT-Khai$0$HTKT_TN_D300,18.686,2,585672.759,2305380.053,585662.281,2305395.525
C8FA66,XR TNT$0$Xr-TNT-Khai$0$HTKT_TN_D300,32.544,4,585658.386,2305356.087,585673.316,2305379.223
C8FA67,XR TNT$0$Xr-TNT-Khai$0$HTKT_TN_D300,25.000,2,585636.792,2305341.606,585657.555,2305355.530
C8FA68,XR TNT$0$Xr-TNT-Khai$0$HTKT_TN_D300,24.000,2,585616.028,2305327.683,585635.961,2305341.049
C8FA69,dim 300 ngang duong,36.500,2,585584.882,2305306.797,585615.197,2305327.126
C8FA6A,XR TNT$0$Xr-TNT-Khai$0$HTKT_TN_D300,24.000,2,585564.118,2305292.874,585584.052,2305306.240
C8FA6B,XR TNT$0$Xr-TNT-Khai$0$HTKT_TN_D300,25.000,2,585542.524,2305278.393,585563.288,2305292.317
C8FA6C,XR TNT$0$Xr-TNT-Khai$0$HTKT_TN_D300,30.515,2,585516.403,2305260.696,585541.663,2305277.816
C8FA6D,XR TNT$0$Xr-TNT-Khai$0$HTKT_TN_D300,30.693,3,585489.686,2305249.526,585516.321,2305260.642
C8FA6E,dim 300 ngang duong,23.899,3,585479.237,2305271.461,585488.707,2305249.727
C8FA6F,XR TNT$0$Xr-TNT-Khai$0$HTKT_TN_D300,29.300,2,585566.012,2305538.800,585549.693,2305563.135
C8FA70,XR TNT$0$Xr-TNT-Khai$0$HTKT_TN_D300,29.300,2,585582.720,2305513.884,585566.402,2305538.219
C8FA71,XR TNT$0$Xr-TNT-Khai$0$HTKT_TN_D300,32.115,2,585601.129,2305486.719,585583.110,2305513.302
C8FA72,XR TNT$0$Xr-TNT-Khai$0$HTKT_TN_D300,30.300,2,585519.563,2305688.187,585502.664,2305713.337
C8FA73,XR TNT$0$Xr-TNT-Khai$0$HTKT_TN_D300,24.300,2,585533.486,2305667.423,585519.952,2305687.606
C8FA74,XR TNT$0$Xr-TNT-Khai$0$HTKT_TN_D300,25.300,2,585547.967,2305645.829,585533.876,2305666.842
C8FA75,XR TNT$0$Xr-TNT-Khai$0$HTKT_TN_D300,28.737,2,585564.233,2305621.295,585548.356,2305645.248
C8FA76,XR TNT$0$Xr-TNT-Khai$0$HTKT_TN_D300,36.229,5,585588.755,2305638.040,585564.790,2305620.464
C8FA77,XR TNT$0$Xr-TNT-Khai$0$HTKT_TN_D300,25.300,2,585749.820,2305285.559,585763.910,2305264.546
C8FA78,XR TNT$0$Xr-TNT-Khai$0$HTKT_TN_D300,21.095,2,585737.557,2305303.577,585749.430,2305286.141
C8FA79,XR TNT$0$Xr-TNT-Khai$0$HTKT_TN_D300,30.642,6,585756.011,2305314.634,585737.055,2305304.444
C8FA7A,XR TNT$0$Xr-TNT-Khai$0$HTKT_TN_D300,19.300,2,585767.186,2305298.047,585756.401,2305314.053
C8FA7B,XR TNT$0$Xr-TNT-Khai$0$HTKT_TN_D300,25.300,2,585781.666,2305276.453,585767.576,2305297.466
C8FA7C,dim 300 ngang duong,10.343,2,585545.255,2304765.140,585539.613,2304773.808
C8FA7D,dim 300 ngang duong,25.422,3,585536.532,2305250.437,585559.563,2305261.049
C8FA7E,XR TNT$0$Xr-TNT-Khai$0$HTKT_TN_D300,26.089,2,585514.033,2305235.350,585535.701,2305249.880
C8FA7F,XR TNT$0$Xr-TNT-Khai$0$HTKT_TN_D300,25.900,2,585491.690,2305220.370,585513.195,2305234.805
C8FA80,XR TNT$0$Xr-TNT-Khai$0$HTKT_TN_D300,26.342,2,585468.980,2305205.145,585490.859,2305219.813
C8FA81,XR TNT$0$Xr-TNT-Khai$0$HTKT_TN_D300,24.345,3,585452.711,2305188.001,585468.149,2305204.588
C8FA82,XR TNT$0$Xr-TNT-Khai$0$HTKT_TN_D300,27.970,2,585468.933,2305163.999,585453.268,2305187.170
C8FA83,dim 300 ngang duong,24.838,3,585485.083,2305143.781,585469.501,2305163.091
C8FA84,XR TNT$0$Xr-TNT-Khai$0$HTKT_TN_D300,25.300,2,585515.919,2305128.712,585530.009,2305107.700
C8FA85,XR TNT$0$Xr-TNT-Khai$0$HTKT_TN_D300,22.794,2,585503.006,2305148.340,585515.529,2305129.294
C8FA86,XR TNT$0$Xr-TNT-Khai$0$HTKT_TN_D300,19.088,3,585485.738,2305143.640,585502.449,2305149.170
C8FA87,XR TNT$0$Xr-TNT-Khai$0$HTKT_TN_D300,29.989,3,585497.773,2305117.387,585484.905,2305143.070
C8FA88,XR TNT$0$Xr-TNT-Khai$0$HTKT_TN_D300,25.300,2,585512.253,2305095.793,585498.163,2305116.806
C8FA89,XR TNT$0$Xr-TNT-Khai$0$HTKT_TN_D300,27.300,2,585730.432,2305066.671,585745.645,2305044.003
C8FA8A,XR TNT$0$Xr-TNT-Khai$0$HTKT_TN_D300,22.303,2,585717.631,2305085.780,585730.049,2305067.253
C8FA8B,XR TNT$0$Xr-TNT-Khai$0$HTKT_TN_D300,25.250,2,585703.150,2305107.374,585717.213,2305086.402
C8FA8C,XR TNT$0$Xr-TNT-Khai$0$HTKT_TN_D300,24.001,2,585689.251,2305127.793,585702.761,2305107.955
C8FA8D,XR TNT$0$Xr-TNT-Khai$0$HTKT_TN_D300,34.655,6,585706.543,2305140.953,585688.694,2305128.623
C8FA8E,XR TNT$0$Xr-TNT-Khai$0$HTKT_TN_D300,24.303,2,585720.500,2305119.848,585707.100,2305140.123
C8FA8F,XR TNT$0$Xr-TNT-Khai$0$HTKT_TN_D300,25.285,2,585734.997,2305098.268,585720.888,2305119.250
C8FA90,XR TNT$0$Xr-TNT-Khai$0$HTKT_TN_D300,25.300,2,585749.478,2305076.673,585735.387,2305097.686
C8FA91,XR TNT$0$Xr-TNT-Khai$0$HTKT_TN_D300,24.300,2,585763.407,2305055.913,585749.868,2305076.092
C8FA92,dim 300 ngang duong,21.547,2,585394.222,2305178.428,585391.718,2305157.027
C8FA93,XR TNT$0$Xr-TNT-Khai$0$HTKT_TN_D300,23.300,2,584920.809,2305286.682,584907.832,2305306.034
C8FA94,XR TNT$0$Xr-TNT-Khai$0$HTKT_TN_D300,23.300,2,584934.176,2305266.749,584921.199,2305286.100
C8FA95,XR TNT$0$Xr-TNT-Khai$0$HTKT_TN_D300,23.300,2,584947.542,2305246.815,584934.566,2305266.167
C8FA96,XR TNT$0$Xr-TNT-Khai$0$HTKT_TN_D300,15.300,2,584956.247,2305233.390,584947.932,2305246.234
C8FA97,XR TNT$0$Xr-TNT-Khai$0$HTKT_TN_D300,15.471,2,584965.418,2305219.708,584956.807,2305232.562
C8FA98,XR TNT$0$Xr-TNT-Khai$0$HTKT_TN_D300,21.484,3,584985.052,2305223.615,584965.844,2305218.991
C8FA99,XR TNT$0$Xr-TNT-Khai$0$HTKT_TN_D300,23.641,4,584995.942,2305241.879,584985.884,2305224.170
C8FA9A,XR TNT$0$Xr-TNT-Khai$0$HTKT_TN_D300,13.343,2,584987.947,2305253.803,584995.385,2305242.724
C8FA9B,XR TNT$0$Xr-TNT-Khai$0$HTKT_TN_D300,15.002,2,584978.829,2305266.952,584987.391,2305254.633
C8FA9C,XR TNT$0$Xr-TNT-Khai$0$HTKT_TN_D300,23.300,2,584965.441,2305286.871,584978.439,2305267.534
C8FA9D,XR TNT$0$Xr-TNT-Khai$0$HTKT_TN_D300,23.300,2,584952.096,2305306.819,584965.072,2305287.467
C8FA9E,XR TNT$0$Xr-TNT-Khai$0$HTKT_TN_D300,23.303,2,584938.733,2305326.758,584951.711,2305307.404
C8FA9F,XR TNT$0$Xr-TNT-Khai$0$HTKT_TN_D300,22.300,2,585209.191,2305488.489,585196.771,2305507.011
C8FAA0,XR TNT$0$Xr-TNT-Khai$0$HTKT_TN_D300,22.300,2,585222.000,2305469.387,585209.580,2305487.908
C8FAA1,XR TNT$0$Xr-TNT-Khai$0$HTKT_TN_D300,25.300,2,585236.481,2305447.792,585222.390,2305468.805
C8FAA2,XR TNT$0$Xr-TNT-Khai$0$HTKT_TN_D300,19.301,2,585247.486,2305431.092,585236.871,2305447.211
C8FAA3,XR TNT$0$Xr-TNT-Khai$0$HTKT_TN_D300,17.445,2,585257.759,2305415.772,585248.043,2305430.261
C8FAA4,XR TNT$0$Xr-TNT-Khai$0$HTKT_TN_D300,27.735,4,585276.198,2305427.162,585258.316,2305414.942
C8FAA5,XR TNT$0$Xr-TNT-Khai$0$HTKT_TN_D300,17.255,2,585266.066,2305442.347,585275.619,2305427.978
C8FAA6,XR TNT$0$Xr-TNT-Khai$0$HTKT_TN_D300,19.301,2,585254.627,2305459.118,585265.509,2305443.178
C8FAA7,XR TNT$0$Xr-TNT-Khai$0$HTKT_TN_D300,25.300,2,585240.146,2305480.712,585254.237,2305459.699
C8FAA8,XR TNT$0$Xr-TNT-Khai$0$HTKT_TN_D300,22.300,2,585227.336,2305499.815,585239.756,2305481.293
C8FAA9,XR TNT$0$Xr-TNT-Khai$0$HTKT_TN_D300,22.344,2,585214.502,2305518.954,585226.947,2305500.396
C8FAAA,XR TNT$0$Xr-TNT-Khai$0$HTKT_TN_D300,27.300,2,585376.703,2305594.196,585361.498,2305616.870
C8FAAB,XR TNT$0$Xr-TNT-Khai$0$HTKT_TN_D300,22.300,2,585389.513,2305575.093,585377.093,2305593.614
C8FAAC,XR TNT$0$Xr-TNT-Khai$0$HTKT_TN_D300,30.300,2,585406.778,2305549.346,585389.902,2305574.512
C8FAAD,XR TNT$0$Xr-TNT-Khai$0$HTKT_TN_D300,27.315,2,585422.248,2305525.990,585407.168,2305548.765
C8FAAE,XR TNT$0$Xr-TNT-Khai$0$HTKT_TN_D300,27.113,4,585441.104,2305536.777,585422.807,2305525.161
C8FAAF,XR TNT$0$Xr-TNT-Khai$0$HTKT_TN_D300,27.858,2,585424.924,2305560.671,585440.548,2305537.608
C8FAB0,XR TNT$0$Xr-TNT-Khai$0$HTKT_TN_D300,30.300,2,585407.659,2305586.419,585424.534,2305561.253
C8FAB1,XR TNT$0$Xr-TNT-Khai$0$HTKT_TN_D300,22.300,2,585394.849,2305605.521,585407.269,2305587.000
C8FAB2,XR TNT$0$Xr-TNT-Khai$0$HTKT_TN_D300,27.300,2,585379.254,2305628.777,585394.459,2305606.103
C8FAB3,dim 300 ngang duong,35.497,2,585481.572,2305565.027,585461.603,2305594.374
C8FAB4,dim 300 ngang duong,33.453,3,585511.947,2305573.933,585482.087,2305564.197
C8FAB5,dim 300 ngang duong,15.648,2,585524.239,2305585.197,585512.808,2305574.510
C8FAB6,XR TNT$0$Xr-TNT-Khai$0$HTKT_TN_D300,33.067,2,585552.533,2305604.170,585525.069,2305585.754
C8FAB7,dim 300 ngang duong,19.162,2,585564.096,2305620.601,585553.363,2305604.727
C8FAB8,XR TNT$0$Xr-TNT-Khai$0$HTKT_TN_D300,25.300,2,585452.866,2305648.279,585438.776,2305669.292
C8FAB9,XR TNT$0$Xr-TNT-Khai$0$HTKT_TN_D300,21.290,2,585465.225,2305630.090,585453.256,2305647.697
C8FABA,XR TNT$0$Xr-TNT-Khai$0$HTKT_TN_D300,18.330,4,585457.090,2305616.048,585465.782,2305629.259
C8FABB,XR TNT$0$Xr-TNT-Khai$0$HTKT_TN_D300,31.996,4,585435.500,2305635.791,585456.260,2305615.491
C8FABC,XR TNT$0$Xr-TNT-Khai$0$HTKT_TN_D300,25.300,2,585421.018,2305657.384,585435.109,2305636.371
C8FABD,XR TNT$0$Xr-TNT-Khai$0$HTKT_TN_D300,25.300,2,585462.518,2305654.751,585448.428,2305675.764
C8FABE,XR TNT$0$Xr-TNT-Khai$0$HTKT_TN_D300,21.341,2,585474.659,2305636.355,585462.908,2305654.170
C8FABF,XR TNT$0$Xr-TNT-Khai$0$HTKT_TN_D300,29.083,6,585492.868,2305647.782,585475.216,2305635.524
C8FAC0,XR TNT$0$Xr-TNT-Khai$0$HTKT_TN_D300,21.291,2,585480.664,2305666.076,585492.478,2305648.363
C8FAC1,XR TNT$0$Xr-TNT-Khai$0$HTKT_TN_D300,25.300,2,585466.184,2305687.671,585480.275,2305666.658
C8FAC2,XR TNT$0$Xr-TNT-Khai$0$HTKT_TN_D300,30.300,2,585410.813,2305613.457,585393.890,2305638.591
C8FAC3,XR TNT$0$Xr-TNT-Khai$0$HTKT_TN_D300,19.312,2,585421.904,2305596.799,585411.202,2305612.875
C8FAC4,XR TNT$0$Xr-TNT-Khai$0$HTKT_TN_D300,30.300,2,585439.169,2305571.067,585422.294,2305596.233
C8FAC5,XR TNT$0$Xr-TNT-Khai$0$HTKT_TN_D300,27.502,2,585454.749,2305547.558,585439.559,2305570.485
C8FAC6,XR TNT$0$Xr-TNT-Khai$0$HTKT_TN_D300,27.581,5,585473.031,2305559.170,585455.275,2305546.708
C8FAC7,XR TNT$0$Xr-TNT-Khai$0$HTKT_TN_D300,27.041,2,585457.315,2305582.392,585472.474,2305560.000
C8FAC8,XR TNT$0$Xr-TNT-Khai$0$HTKT_TN_D300,30.300,2,585440.050,2305608.139,585456.925,2305582.974
C8FAC9,XR TNT$0$Xr-TNT-Khai$0$HTKT_TN_D300,24.300,2,585426.126,2305628.903,585439.660,2305608.721
C8FACA,XR TNT$0$Xr-TNT-Khai$0$HTKT_TN_D300,25.300,2,585411.646,2305650.497,585425.737,2305629.484
C8FACB,XR TNT$0$Xr-TNT-Khai$0$HTKT_TN_D300,23.763,2,585678.638,2305465.326,585665.403,2305485.063
C8FACC,XR TNT$0$Xr-TNT-Khai$0$HTKT_TN_D300,30.800,2,585696.182,2305439.164,585679.028,2305464.745
C8FACD,XR TNT$0$Xr-TNT-Khai$0$HTKT_TN_D300,27.300,2,585711.701,2305415.859,585696.572,2305438.583
C8FACE,dim 300 ngang duong,10.670,2,585704.349,2305407.305,585711.565,2305415.165
C8FACF,dim 300 ngang duong,10.226,2,585673.453,2305379.916,585681.810,2305385.810
C8FAD0,XR TNT$0$Xr-TNT-Khai$0$HTKT_TN_D300,24.300,2,585597.001,2305566.203,585583.468,2305586.385
C8FAD1,XR TNT$0$Xr-TNT-Khai$0$HTKT_TN_D300,25.300,2,585611.482,2305544.609,585597.391,2305565.622
C8FAD2,XR TNT$0$Xr-TNT-Khai$0$HTKT_TN_D300,24.300,2,585625.405,2305523.845,585611.872,2305544.027
C8FAD3,XR TNT$0$Xr-TNT-Khai$0$HTKT_TN_D300,14.008,2,585633.766,2305511.744,585625.795,2305523.263
C8FAD4,XR TNT$0$Xr-TNT-Khai$0$HTKT_TN_D300,39.629,6,585609.811,2305494.123,585634.323,2305510.914
C8FAD5,XR TNT$0$Xr-TNT-Khai$0$HTKT_TN_D300,14.301,2,585601.395,2305506.901,585609.254,2305494.954
C8FAD6,XR TNT$0$Xr-TNT-Khai$0$HTKT_TN_D300,24.321,2,585587.526,2305527.727,585601.005,2305507.483
C8FAD7,XR TNT$0$Xr-TNT-Khai$0$HTKT_TN_D300,25.300,2,585572.991,2305549.259,585587.148,2305528.291
C8FAD8,XR TNT$0$Xr-TNT-Khai$0$HTKT_TN_D300,24.300,2,585559.067,2305570.023,585572.601,2305549.841
C8FAD9,XR TNT$0$Xr-TNT-Khai$0$HTKT_TN_D300,26.300,2,585078.771,2305206.052,585064.088,2305227.872
C8FADA,XR TNT$0$Xr-TNT-Khai$0$HTKT_TN_D300,26.300,2,585093.809,2305183.627,585079.161,2305205.470
C8FADB,XR TNT$0$Xr-TNT-Khai$0$HTKT_TN_D300,17.300,2,585103.834,2305168.677,585094.198,2305183.046
C8FADC,XR TNT$0$Xr-TNT-Khai$0$HTKT_TN_D300,18.522,2,585114.557,2305152.724,585104.223,2305168.096
C8FADD,XR TNT$0$Xr-TNT-Khai$0$HTKT_TN_D300,19.170,3,585102.044,2305138.923,585114.435,2305151.730
C8FADE,XR TNT$0$Xr-TNT-Khai$0$HTKT_TN_D300,22.541,4,585082.322,2305133.451,585101.223,2305138.363
C8FADF,XR TNT$0$Xr-TNT-Khai$0$HTKT_TN_D300,15.577,2,585073.178,2305147.278,585081.886,2305134.362
C8FAE0,XR TNT$0$Xr-TNT-Khai$0$HTKT_TN_D300,17.300,2,585063.252,2305162.294,585072.789,2305147.859
C8FAE1,XR TNT$0$Xr-TNT-Khai$0$HTKT_TN_D300,26.300,2,585048.116,2305184.653,585062.862,2305162.875
C8FAE2,XR TNT$0$Xr-TNT-Khai$0$HTKT_TN_D300,26.300,2,585033.079,2305207.078,585047.726,2305185.234
C8FAE3,XR TNT$0$Xr-TNT-Khai$0$HTKT_TN_D300,26.300,2,585119.468,2305233.342,585104.821,2305255.185
C8FAE4,XR TNT$0$Xr-TNT-Khai$0$HTKT_TN_D300,26.300,2,585134.506,2305210.917,585119.858,2305232.761
C8FAE5,XR TNT$0$Xr-TNT-Khai$0$HTKT_TN_D300,17.300,2,585144.531,2305195.967,585134.896,2305210.336
C8FAE6,XR TNT$0$Xr-TNT-Khai$0$HTKT_TN_D300,15.583,2,585153.698,2305182.511,585144.920,2305195.386
C8FAE7,XR TNT$0$Xr-TNT-Khai$0$HTKT_TN_D300,22.219,4,585142.741,2305166.213,585154.255,2305181.680
C8FAE8,XR TNT$0$Xr-TNT-Khai$0$HTKT_TN_D300,19.192,3,585125.385,2305158.898,585141.912,2305165.653
C8FAE9,XR TNT$0$Xr-TNT-Khai$0$HTKT_TN_D300,18.724,2,585113.876,2305174.568,585124.402,2305159.083
C8FAEA,XR TNT$0$Xr-TNT-Khai$0$HTKT_TN_D300,17.300,2,585103.851,2305189.518,585113.486,2305175.149
C8FAEB,XR TNT$0$Xr-TNT-Khai$0$HTKT_TN_D300,26.300,2,585088.813,2305211.943,585103.461,2305190.099
C8FAEC,XR TNT$0$Xr-TNT-Khai$0$HTKT_TN_D300,26.300,2,585073.771,2305234.364,585088.423,2305212.524
C8FAED,XR TNT$0$Xr-TNT-Khai$0$HTKT_TN_D300,26.326,2,585150.895,2305098.495,585136.233,2305120.361
C8FAEE,XR TNT$0$Xr-TNT-Khai$0$HTKT_TN_D300,26.300,2,585165.933,2305076.070,585151.285,2305097.914
C8FAEF,XR TNT$0$Xr-TNT-Khai$0$HTKT_TN_D300,17.300,2,585175.958,2305061.121,585166.322,2305075.489
C8FAF0,XR TNT$0$Xr-TNT-Khai$0$HTKT_TN_D300,13.955,2,585184.233,2305049.025,585176.347,2305060.539
C8FAF1,XR TNT$0$Xr-TNT-Khai$0$HTKT_TN_D300,22.580,4,585174.173,2305031.362,585184.790,2305048.195
C8FAF2,XR TNT$0$Xr-TNT-Khai$0$HTKT_TN_D300,22.380,4,585153.751,2305026.907,585173.339,2305030.811
C8FAF3,XR TNT$0$Xr-TNT-Khai$0$HTKT_TN_D300,14.349,2,585145.302,2305039.721,585153.194,2305027.738
C8FAF4,XR TNT$0$Xr-TNT-Khai$0$HTKT_TN_D300,17.300,2,585135.278,2305054.671,585144.913,2305040.303
C8FAF5,XR TNT$0$Xr-TNT-Khai$0$HTKT_TN_D300,26.300,2,585120.240,2305077.096,585134.888,2305055.253
C8FAF6,XR TNT$0$Xr-TNT-Khai$0$HTKT_TN_D300,26.319,2,585105.192,2305099.537,585119.850,2305077.678
C8FAF7,XR TNT$0$Xr-TNT-Khai$0$HTKT_TN_D300,26.466,2,585191.592,2305125.786,585176.852,2305147.767
C8FAF8,XR TNT$0$Xr-TNT-Khai$0$HTKT_TN_D300,26.300,2,585206.630,2305103.361,585191.982,2305125.204
C8FAF9,XR TNT$0$Xr-TNT-Khai$0$HTKT_TN_D300,17.300,2,585216.655,2305088.411,585207.019,2305102.779
C8FAFA,XR TNT$0$Xr-TNT-Khai$0$HTKT_TN_D300,14.177,2,585225.134,2305076.186,585217.044,2305087.829
C8FAFB,XR TNT$0$Xr-TNT-Khai$0$HTKT_TN_D300,22.564,4,585214.865,2305058.657,585225.691,2305075.356
C8FAFC,XR TNT$0$Xr-TNT-Khai$0$HTKT_TN_D300,22.447,4,585194.343,2305054.237,585214.036,2305058.097
C8FAFD,XR TNT$0$Xr-TNT-Khai$0$HTKT_TN_D300,14.258,2,585185.999,2305067.012,585193.786,2305055.068
C8FAFE,XR TNT$0$Xr-TNT-Khai$0$HTKT_TN_D300,17.300,2,585175.975,2305081.961,585185.642,2305067.615
C8FAFF,XR TNT$0$Xr-TNT-Khai$0$HTKT_TN_D300,26.300,2,585160.937,2305104.386,585175.585,2305082.543
C8FB00,XR TNT$0$Xr-TNT-Khai$0$HTKT_TN_D300,26.315,2,585145.892,2305126.823,585160.547,2305104.968
C8FB01,dim 300 ngang duong,15.002,2,585205.930,2305190.893,585194.282,2305200.347
C8FB02,XR TNT$0$Xr-TNT-Khai$0$HTKT_TN_D300,30.794,2,585224.319,2305165.250,585206.898,2305190.642
C8FB03,XR TNT$0$Xr-TNT-Khai$0$HTKT_TN_D300,24.150,2,585238.374,2305144.393,585224.876,2305164.419
C8FB04,XR TNT$0$Xr-TNT-Khai$0$HTKT_TN_D300,23.850,2,585251.609,2305124.553,585238.374,2305144.393
C8FB05,XR TNT$0$Xr-TNT-Khai$0$HTKT_TN_D300,20.000,2,585263.298,2305107.106,585252.159,2305123.717
C8FB06,XR TNT$0$Xr-TNT-Khai$0$HTKT_TN_D300,33.004,4,585250.320,2305082.488,585263.855,2305106.276
C8FB07,XR TNT$0$Xr-TNT-Khai$0$HTKT_TN_D300,17.168,4,585234.535,2305082.341,585249.492,2305081.928
C8FB08,XR TNT$0$Xr-TNT-Khai$0$HTKT_TN_D300,24.300,2,585220.570,2305103.438,585233.979,2305083.171
C8FB09,XR TNT$0$Xr-TNT-Khai$0$HTKT_TN_D300,21.299,2,585208.337,2305121.722,585220.180,2305104.019
C8FB0A,XR TNT$0$Xr-TNT-Khai$0$HTKT_TN_D300,23.301,2,585194.957,2305141.648,585207.948,2305122.305
C8FB0B,XR TNT$0$Xr-TNT-Khai$0$HTKT_TN_D300,24.300,2,585181.027,2305162.407,585194.561,2305142.225
C8FB0C,XR TNT$0$Xr-TNT-Khai$0$HTKT_TN_D300,26.300,2,585038.074,2305178.762,585023.427,2305200.605
C8FB0D,XR TNT$0$Xr-TNT-Khai$0$HTKT_TN_D300,26.300,2,585053.112,2305156.337,585038.464,2305178.180
C8FB0E,XR TNT$0$Xr-TNT-Khai$0$HTKT_TN_D300,17.300,2,585063.137,2305141.387,585053.501,2305155.755
C8FB0F,XR TNT$0$Xr-TNT-Khai$0$HTKT_TN_D300,15.549,2,585072.314,2305127.978,585063.526,2305140.805
C8FB10,XR TNT$0$Xr-TNT-Khai$0$HTKT_TN_D300,21.963,4,585061.360,2305111.620,585072.871,2305127.148
C8FB11,XR TNT$0$Xr-TNT-Khai$0$HTKT_TN_D300,21.388,3,585041.439,2305106.298,585060.517,2305111.083
C8FB12,XR TNT$0$Xr-TNT-Khai$0$HTKT_TN_D300,15.360,2,585032.461,2305119.974,585040.936,2305107.164
C8FB13,XR TNT$0$Xr-TNT-Khai$0$HTKT_TN_D300,17.300,2,585022.436,2305134.924,585032.071,2305120.556
C8FB14,XR TNT$0$Xr-TNT-Khai$0$HTKT_TN_D300,26.300,2,585007.419,2305157.362,585022.047,2305135.506
C8FB15,XR TNT$0$Xr-TNT-Khai$0$HTKT_TN_D300,26.300,2,584992.382,2305179.787,585007.029,2305157.944
C8FB16,dim 300 ngang duong,10.331,2,585154.516,2305182.457,585163.913,2305186.751
C8FB17,dim 300 ngang duong,11.674,2,585115.008,2305152.145,585124.801,2305158.500
C8FB18,dim 300 ngang duong,10.361,2,585073.008,2305127.841,585081.613,2305133.612
C8FB19,XR TNT$0$Xr-TNT-Khai$0$HTKT_TN_D300,29.300,2,585126.057,2305244.382,585109.739,2305268.718
C8FB1A,XR TNT$0$Xr-TNT-Khai$0$HTKT_TN_D300,25.300,2,585140.538,2305222.788,585126.447,2305243.801
C8FB1B,XR TNT$0$Xr-TNT-Khai$0$HTKT_TN_D300,19.300,2,585151.676,2305206.177,585140.927,2305222.207
C8FB1C,XR TNT$0$Xr-TNT-Khai$0$HTKT_TN_D300,21.750,2,585164.050,2305187.445,585152.066,2305205.596
C8FB1D,XR TNT$0$Xr-TNT-Khai$0$HTKT_TN_D300,34.045,3,585193.589,2305200.484,585164.607,2305186.614
C8FB1E,XR TNT$0$Xr-TNT-Khai$0$HTKT_TN_D300,22.438,3,585187.149,2305220.392,585194.405,2305201.061
C8FB1F,XR TNT$0$Xr-TNT-Khai$0$HTKT_TN_D300,27.300,2,585171.555,2305243.647,585186.759,2305220.973
C8FB20,XR TNT$0$Xr-TNT-Khai$0$HTKT_TN_D300,27.300,2,585155.960,2305266.903,585171.165,2305244.229
C8FB21,XR TNT$0$Xr-TNT-Khai$0$HTKT_TN_D300,27.300,2,585140.366,2305290.158,585155.570,2305267.484
C8FB22,XR TNT$0$Xr-TNT-Khai$0$HTKT_TN_D300,26.325,2,585110.198,2305071.205,585095.536,2305093.070
C8FB23,XR TNT$0$Xr-TNT-Khai$0$HTKT_TN_D300,26.300,2,585125.236,2305048.780,585110.588,2305070.624
C8FB24,XR TNT$0$Xr-TNT-Khai$0$HTKT_TN_D300,17.300,2,585135.261,2305033.830,585125.625,2305048.199
C8FB25,XR TNT$0$Xr-TNT-Khai$0$HTKT_TN_D300,14.329,2,585143.748,2305021.427,585135.650,2305033.249
C8FB26,XR TNT$0$Xr-TNT-Khai$0$HTKT_TN_D300,22.192,4,585133.471,2305004.077,585144.305,2305020.597
C8FB27,XR TNT$0$Xr-TNT-Khai$0$HTKT_TN_D300,21.561,3,585113.513,2304999.178,585132.642,2305003.517
C8FB28,XR TNT$0$Xr-TNT-Khai$0$HTKT_TN_D300,15.268,2,585104.605,2305012.431,585113.138,2304999.769
C8FB29,XR TNT$0$Xr-TNT-Khai$0$HTKT_TN_D300,17.300,2,585094.580,2305027.381,585104.216,2305013.013
C8FB2A,XR TNT$0$Xr-TNT-Khai$0$HTKT_TN_D300,26.300,2,585079.543,2305049.806,585094.191,2305027.963
C8FB2B,XR TNT$0$Xr-TNT-Khai$0$HTKT_TN_D300,26.300,2,585064.506,2305072.231,585079.153,2305050.387
C8FB2C,XR TNT$0$Xr-TNT-Khai$0$HTKT_TN_D300,37.378,2,585309.834,2305125.336,585342.261,2305143.927
C8FB2D,XR TNT$0$Xr-TNT-Khai$0$HTKT_TN_D300,28.162,2,585285.590,2305109.129,585309.006,2305124.776
C8FB2E,dim 300 ngang duong,20.810,2,585263.992,2305106.969,585284.743,2305108.531
C8FB2F,dim 300 ngang duong,10.304,2,585184.926,2305048.889,585193.649,2305054.374
C8FB30,dim 300 ngang duong,10.360,2,585144.442,2305021.291,585153.046,2305027.060
C8FB31,XR TNT$0$Xr-TNT-Khai$0$HTKT_TN_D300,26.288,2,585424.571,2305235.613,585446.404,2305250.254
C8FB32,XR TNT$0$Xr-TNT-Khai$0$HTKT_TN_D300,26.321,2,585402.100,2305220.607,585423.990,2305235.224
C8FB33,XR TNT$0$Xr-TNT-Khai$0$HTKT_TN_D300,17.290,2,585387.190,2305210.547,585401.501,2305220.249
C8FB34,XR TNT$0$Xr-TNT-Khai$0$HTKT_TN_D300,16.857,2,585372.757,2305200.548,585386.608,2305210.157
C8FB35,XR TNT$0$Xr-TNT-Khai$0$HTKT_TN_D300,27.000,2,585403.189,2305266.651,585425.614,2305281.688
C8FB36,XR TNT$0$Xr-TNT-Khai$0$HTKT_TN_D300,26.510,2,585381.339,2305251.625,585403.182,2305266.646
C8FB37,XR TNT$0$Xr-TNT-Khai$0$HTKT_TN_D300,17.319,2,585366.373,2305241.589,585380.757,2305251.235
C8FB38,XR TNT$0$Xr-TNT-Khai$0$HTKT_TN_D300,16.802,2,585351.799,2305231.898,585365.792,2305241.199
C8FB39,XR TNT$0$Xr-TNT-Khai$0$HTKT_TN_D300,26.286,2,585397.267,2305276.308,585419.082,2305290.973
C8FB3A,XR TNT$0$Xr-TNT-Khai$0$HTKT_TN_D300,26.322,2,585374.827,2305261.254,585396.691,2305275.911
C8FB3B,XR TNT$0$Xr-TNT-Khai$0$HTKT_TN_D300,17.274,2,585359.899,2305251.244,585374.246,2305260.864
C8FB3C,XR TNT$0$Xr-TNT-Khai$0$HTKT_TN_D300,16.342,2,585345.864,2305241.578,585359.318,2305250.854
C8FB3D,XR TNT$0$Xr-TNT-Khai$0$HTKT_TN_D300,17.278,2,585383.947,2305312.353,585398.332,2305321.924
C8FB3E,XR TNT$0$Xr-TNT-Khai$0$HTKT_TN_D300,35.276,2,585354.056,2305292.332,585383.360,2305311.972
C8FB3F,XR TNT$0$Xr-TNT-Khai$0$HTKT_TN_D300,17.331,2,585339.083,2305282.286,585353.474,2305291.944
C8FB40,XR TNT$0$Xr-TNT-Khai$0$HTKT_TN_D300,16.863,2,585324.361,2305272.710,585338.502,2305281.896
C8FB41,XR TNT$0$Xr-TNT-Khai$0$HTKT_TN_D300,26.297,2,585369.972,2305316.995,585391.813,2305331.641
C8FB42,XR TNT$0$Xr-TNT-Khai$0$HTKT_TN_D300,26.271,2,585347.571,2305301.973,585369.391,2305316.605
C8FB43,XR TNT$0$Xr-TNT-Khai$0$HTKT_TN_D300,17.314,2,585332.614,2305291.934,585346.994,2305301.577
C8FB44,XR TNT$0$Xr-TNT-Khai$0$HTKT_TN_D300,16.881,2,585318.159,2305281.925,585332.028,2305291.551
C8FB45,XR TNT$0$Xr-TNT-Khai$0$HTKT_TN_D300,26.287,2,585349.192,2305348.050,585371.019,2305362.699
C8FB46,XR TNT$0$Xr-TNT-Khai$0$HTKT_TN_D300,26.299,2,585326.769,2305333.012,585348.605,2305347.668
C8FB47,XR TNT$0$Xr-TNT-Khai$0$HTKT_TN_D300,17.332,2,585311.793,2305322.968,585326.184,2305332.627
C8FB48,XR TNT$0$Xr-TNT-Khai$0$HTKT_TN_D300,16.805,2,585297.227,2305313.275,585311.212,2305322.593
C8FB49,XR TNT$0$Xr-TNT-Khai$0$HTKT_TN_D300,26.314,2,585342.656,2305357.757,585364.526,2305372.390
C8FB4A,XR TNT$0$Xr-TNT-Khai$0$HTKT_TN_D300,26.305,2,585320.284,2305342.658,585342.086,2305357.375
C8FB4B,XR TNT$0$Xr-TNT-Khai$0$HTKT_TN_D300,17.310,2,585305.319,2305332.638,585319.696,2305342.278
C8FB4C,XR TNT$0$Xr-TNT-Khai$0$HTKT_TN_D300,16.815,2,585290.909,2305322.681,585304.738,2305332.248
C8FB4D,XR TNT$0$Xr-TNT-Khai$0$HTKT_TN_D300,26.300,2,585321.878,2305388.743,585343.721,2305403.390
C8FB4E,XR TNT$0$Xr-TNT-Khai$0$HTKT_TN_D300,26.300,2,585299.453,2305373.705,585321.296,2305388.353
C8FB4F,XR TNT$0$Xr-TNT-Khai$0$HTKT_TN_D300,17.327,2,585284.503,2305363.680,585298.894,2305373.330
C8FB50,XR TNT$0$Xr-TNT-Khai$0$HTKT_TN_D300,16.874,2,585269.818,2305354.026,585283.922,2305363.290
C8FB51,XR TNT$0$Xr-TNT-Khai$0$HTKT_TN_D300,24.300,2,585324.540,2305404.523,585344.722,2305418.057
C8FB52,XR TNT$0$Xr-TNT-Khai$0$HTKT_TN_D300,25.307,2,585302.893,2305390.108,585323.958,2305404.134
C8FB53,XR TNT$0$Xr-TNT-Khai$0$HTKT_TN_D300,24.293,2,585282.182,2305376.119,585302.309,2305389.722
C8FB54,XR TNT$0$Xr-TNT-Khai$0$HTKT_TN_D300,21.885,2,585263.641,2305363.222,585281.600,2305375.729
C8FB55,XR TNT$0$Xr-TNT-Khai$0$HTKT_TN_D300,26.602,2,585484.844,2305380.031,585506.939,2305394.845
C8FB56,XR TNT$0$Xr-TNT-Khai$0$HTKT_TN_D300,26.298,2,585462.417,2305365.001,585484.259,2305379.647
C8FB57,XR TNT$0$Xr-TNT-Khai$0$HTKT_TN_D300,17.300,2,585447.467,2305354.976,585461.835,2305364.613
C8FB58,XR TNT$0$Xr-TNT-Khai$0$HTKT_TN_D300,16.916,2,585432.803,2305345.214,585446.885,2305354.588
C8FB59,XR TNT$0$Xr-TNT-Khai$0$HTKT_TN_D300,22.072,4,585437.230,2305326.021,585431.972,2305344.657
C8FB5A,XR TNT$0$Xr-TNT-Khai$0$HTKT_TN_D300,20.012,3,585451.484,2305312.464,585437.787,2305325.190
C8FB5B,XR TNT$0$Xr-TNT-Khai$0$HTKT_TN_D300,18.641,2,585467.713,2305323.527,585452.314,2305313.021
C8FB5C,XR TNT$0$Xr-TNT-Khai$0$HTKT_TN_D300,17.300,2,585482.663,2305333.552,585468.293,2305323.919
C8FB5D,XR TNT$0$Xr-TNT-Khai$0$HTKT_TN_D300,26.298,2,585505.081,2305348.596,585483.243,2305333.944
C8FB5E,XR TNT$0$Xr-TNT-Khai$0$HTKT_TN_D300,26.437,2,585527.631,2305363.692,585505.662,2305348.986
C8FB5F,XR TNT$0$Xr-TNT-Khai$0$HTKT_TN_D300,26.311,2,585430.266,2305461.425,585452.119,2305476.078
C8FB60,XR TNT$0$Xr-TNT-Khai$0$HTKT_TN_D300,26.299,2,585407.837,2305446.395,585429.691,2305461.025
C8FB61,XR TNT$0$Xr-TNT-Khai$0$HTKT_TN_D300,17.300,2,585392.887,2305436.370,585407.254,2305446.007
C8FB62,XR TNT$0$Xr-TNT-Khai$0$HTKT_TN_D300,16.740,2,585378.346,2305426.741,585392.304,2305435.982
C8FB63,XR TNT$0$Xr-TNT-Khai$0$HTKT_TN_D300,22.543,4,585382.659,2305407.000,585377.515,2305426.184
C8FB64,XR TNT$0$Xr-TNT-Khai$0$HTKT_TN_D300,21.011,3,585397.213,2305394.065,585382.659,2305407.000
C8FB65,XR TNT$0$Xr-TNT-Khai$0$HTKT_TN_D300,18.269,2,585413.223,2305404.788,585398.044,2305394.622
C8FB66,XR TNT$0$Xr-TNT-Khai$0$HTKT_TN_D300,17.000,2,585428.083,2305414.946,585414.051,2305405.348
C8FB67,XR TNT$0$Xr-TNT-Khai$0$HTKT_TN_D300,26.297,2,585450.505,2305429.984,585428.663,2305415.338
C8FB68,XR TNT$0$Xr-TNT-Khai$0$HTKT_TN_D300,26.339,2,585472.957,2305445.050,585451.081,2305430.381
C8FB69,XR TNT$0$Xr-TNT-Khai$0$HTKT_TN_D300,22.300,2,585254.355,2305518.775,585241.935,2305537.297
C8FB6A,XR TNT$0$Xr-TNT-Khai$0$HTKT_TN_D300,24.117,2,585268.349,2305498.281,585254.745,2305518.194
C8FB6B,XR TNT$0$Xr-TNT-Khai$0$HTKT_TN_D300,27.494,5,585251.727,2305484.027,585268.887,2305497.438
C8FB6C,XR TNT$0$Xr-TNT-Khai$0$HTKT_TN_D300,25.697,2,585236.989,2305506.287,585251.171,2305484.858
C8FB6D,XR TNT$0$Xr-TNT-Khai$0$HTKT_TN_D300,22.300,2,585224.179,2305525.390,585236.599,2305506.869
C8FB6E,XR TNT$0$Xr-TNT-Khai$0$HTKT_TN_D300,22.300,2,585281.763,2305537.154,585269.343,2305555.676
C8FB6F,XR TNT$0$Xr-TNT-Khai$0$HTKT_TN_D300,24.334,2,585295.845,2305516.457,585282.153,2305536.573
C8FB70,XR TNT$0$Xr-TNT-Khai$0$HTKT_TN_D300,26.868,5,585279.694,2305501.743,585296.396,2305515.622
C8FB71,XR TNT$0$Xr-TNT-Khai$0$HTKT_TN_D300,26.559,2,585264.397,2305524.666,585279.137,2305502.573
C8FB72,XR TNT$0$Xr-TNT-Khai$0$HTKT_TN_D300,22.300,2,585251.587,2305543.769,585264.007,2305525.248
C8FB73,XR TNT$0$Xr-TNT-Khai$0$HTKT_TN_D300,22.300,2,585309.171,2305555.533,585296.751,2305574.055
C8FB74,XR TNT$0$Xr-TNT-Khai$0$HTKT_TN_D300,25.956,3,585324.010,2305533.390,585309.561,2305554.952
C8FB75,XR TNT$0$Xr-TNT-Khai$0$HTKT_TN_D300,25.366,4,585307.010,2305520.103,585324.400,2305532.809
C8FB76,XR TNT$0$Xr-TNT-Khai$0$HTKT_TN_D300,26.562,2,585291.805,2305543.045,585306.514,2305520.927
C8FB77,XR TNT$0$Xr-TNT-Khai$0$HTKT_TN_D300,22.300,2,585278.995,2305562.148,585291.415,2305543.627
C8FB78,dim 300 ngang duong,10.928,2,585324.496,2305533.294,585333.590,2305539.354
C8FB79,dim 300 ngang duong,10.523,2,585296.539,2305516.320,585306.307,2305520.233
C8FB7A,dim 300 ngang duong,10.635,2,585269.043,2305498.144,585279.000,2305501.880
C8FB7B,XR TNT$0$Xr-TNT-Khai$0$HTKT_TN_D300,25.300,2,585695.003,2305248.801,585709.094,2305227.788
C8FB7C,XR TNT$0$Xr-TNT-Khai$0$HTKT_TN_D300,20.946,2,585682.826,2305266.697,585694.613,2305249.382
C8FB7D,XR TNT$0$Xr-TNT-Khai$0$HTKT_TN_D300,19.301,2,585712.370,2305261.289,585701.754,2305277.408
C8FB7E,XR TNT$0$Xr-TNT-Khai$0$HTKT_TN_D300,25.300,2,585726.850,2305239.695,585712.759,2305260.708
C8FB7F,XR TNT$0$Xr-TNT-Khai$0$HTKT_TN_D300,22.300,2,585669.000,2305228.354,585681.407,2305209.824
C8FB80,XR TNT$0$Xr-TNT-Khai$0$HTKT_TN_D300,27.258,2,585653.417,2305251.566,585668.611,2305228.936
C8FB81,XR TNT$0$Xr-TNT-Khai$0$HTKT_TN_D300,30.342,2,585636.128,2305277.348,585653.027,2305252.147
C8FB82,XR TNT$0$Xr-TNT-Khai$0$HTKT_TN_D300,27.092,2,585620.540,2305300.357,585635.738,2305277.929
C8FB83,XR TNT$0$Xr-TNT-Khai$0$HTKT_TN_D300,27.731,4,585637.844,2305313.463,585619.983,2305301.188
C8FB84,XR TNT$0$Xr-TNT-Khai$0$HTKT_TN_D300,27.039,2,585653.460,2305290.175,585638.401,2305312.632
C8FB85,XR TNT$0$Xr-TNT-Khai$0$HTKT_TN_D300,35.008,2,585673.510,2305260.275,585654.013,2305289.351
C8FB86,XR TNT$0$Xr-TNT-Khai$0$HTKT_TN_D300,19.801,2,585684.961,2305242.910,585674.067,2305259.444
C8FB87,XR TNT$0$Xr-TNT-Khai$0$HTKT_TN_D300,24.800,2,585699.163,2305221.731,585685.351,2305242.329
C8FB88,XR TNT$0$Xr-TNT-Khai$0$HTKT_TN_D300,25.300,2,585552.979,2305153.564,585567.070,2305132.551
C8FB89,XR TNT$0$Xr-TNT-Khai$0$HTKT_TN_D300,22.533,2,585539.914,2305172.776,585552.589,2305154.145
C8FB8A,XR TNT$0$Xr-TNT-Khai$0$HTKT_TN_D300,26.220,4,585557.264,2305185.850,585539.357,2305173.606
C8FB8B,XR TNT$0$Xr-TNT-Khai$0$HTKT_TN_D300,22.730,2,585570.345,2305166.052,585557.820,2305185.020
C8FB8C,XR TNT$0$Xr-TNT-Khai$0$HTKT_TN_D300,25.300,2,585584.826,2305144.458,585570.735,2305165.471
C8FB8D,XR TNT$0$Xr-TNT-Khai$0$HTKT_TN_D300,25.300,2,585525.571,2305135.185,585539.661,2305114.172
C8FB8E,XR TNT$0$Xr-TNT-Khai$0$HTKT_TN_D300,22.554,2,585512.465,2305154.394,585525.181,2305135.766
C8FB8F,XR TNT$0$Xr-TNT-Khai$0$HTKT_TN_D300,26.182,4,585529.835,2305167.580,585511.909,2305155.225
C8FB90,XR TNT$0$Xr-TNT-Khai$0$HTKT_TN_D300,22.832,2,585542.937,2305147.673,585530.392,2305166.750
C8FB91,XR TNT$0$Xr-TNT-Khai$0$HTKT_TN_D300,25.300,2,585557.418,2305126.079,585543.327,2305147.092
C8FB92,XR TNT$0$Xr-TNT-Khai$0$HTKT_TN_D300,30.276,2,585467.691,2305102.995,585484.579,2305077.867
C8FB93,XR TNT$0$Xr-TNT-Khai$0$HTKT_TN_D300,27.179,2,585452.164,2305126.149,585467.301,2305103.576
C8FB94,XR TNT$0$Xr-TNT-Khai$0$HTKT_TN_D300,27.421,2,585436.502,2305149.506,585451.775,2305126.731
C8FB95,XR TNT$0$Xr-TNT-Khai$0$HTKT_TN_D300,22.165,2,585423.620,2305168.396,585436.113,2305150.087
C8FB96,XR TNT$0$Xr-TNT-Khai$0$HTKT_TN_D300,27.732,4,585441.021,2305181.444,585423.063,2305169.226
C8FB97,XR TNT$0$Xr-TNT-Khai$0$HTKT_TN_D300,22.310,2,585453.869,2305161.994,585441.578,2305180.613
C8FB98,XR TNT$0$Xr-TNT-Khai$0$HTKT_TN_D300,27.421,2,585469.531,2305138.637,585454.259,2305161.412
C8FB99,XR TNT$0$Xr-TNT-Khai$0$HTKT_TN_D300,27.179,2,585485.057,2305115.483,585469.921,2305138.056
C8FB9A,XR TNT$0$Xr-TNT-Khai$0$HTKT_TN_D300,30.300,2,585502.343,2305089.750,585485.468,2305114.915
C8FB9B,XR TNT$0$Xr-TNT-Khai$0$HTKT_TN_D300,17.300,2,585813.066,2305184.692,585822.723,2305170.338
C8FB9C,XR TNT$0$Xr-TNT-Khai$0$HTKT_TN_D300,22.301,2,585800.412,2305203.899,585812.676,2305185.273
C8FB9D,XR TNT$0$Xr-TNT-Khai$0$HTKT_TN_D300,31.757,6,585780.976,2305193.973,585799.855,2305204.729
C8FB9E,XR TNT$0$Xr-TNT-Khai$0$HTKT_TN_D300,23.881,2,585794.977,2305173.405,585781.533,2305193.142
C8FB9F,XR TNT$0$Xr-TNT-Khai$0$HTKT_TN_D300,17.300,2,585804.967,2305158.431,585795.367,2305172.823
C8FBA0,XR TNT$0$Xr-TNT-Khai$0$HTKT_TN_D300,25.300,2,585781.232,2305172.977,585795.315,2305151.959
C8FBA1,XR TNT$0$Xr-TNT-Khai$0$HTKT_TN_D300,14.301,2,585773.004,2305185.520,585780.842,2305173.558
C8FBA2,XR TNT$0$Xr-TNT-Khai$0$HTKT_TN_D300,22.001,2,585767.560,2305155.019,585755.131,2305173.174
C8FBA3,XR TNT$0$Xr-TNT-Khai$0$HTKT_TN_D300,22.300,2,585780.344,2305135.900,585767.954,2305154.441
C8FBA4,dim 300 ngang duong,27.220,2,585795.914,2305112.680,585780.754,2305135.288
C8FBA5,XR TNT$0$Xr-TNT-Khai$0$HTKT_TN_D300,29.300,2,585812.622,2305087.763,585796.304,2305112.098
C8FBA6,XR TNT$0$Xr-TNT-Khai$0$HTKT_TN_D300,24.255,2,585788.903,2305102.268,585802.412,2305082.123
C8FBA7,XR TNT$0$Xr-TNT-Khai$0$HTKT_TN_D300,25.300,2,585774.423,2305123.863,585788.514,2305102.850
C8FBA8,XR TNT$0$Xr-TNT-Khai$0$HTKT_TN_D300,25.300,2,585759.942,2305145.457,585774.033,2305124.444
C8FBA9,XR TNT$0$Xr-TNT-Khai$0$HTKT_TN_D300,28.764,2,585743.710,2305170.046,585759.553,2305146.038
C8FBAA,XR TNT$0$Xr-TNT-Khai$0$HTKT_TN_D300,35.051,5,585719.668,2305152.465,585743.153,2305170.876
C8FBAB,XR TNT$0$Xr-TNT-Khai$0$HTKT_TN_D300,26.555,3,585735.152,2305129.676,585720.225,2305151.634
C8FBAC,XR TNT$0$Xr-TNT-Khai$0$HTKT_TN_D300,25.300,2,585749.633,2305108.082,585735.542,2305129.095
C8FBAD,XR TNT$0$Xr-TNT-Khai$0$HTKT_TN_D300,25.300,2,585764.050,2305086.445,585750.022,2305107.500
C8FBAE,XR TNT$0$Xr-TNT-Khai$0$HTKT_TN_D300,24.300,2,585778.111,2305065.773,585764.503,2305085.906
C8FBAF,XR TNT$0$Xr-TNT-Khai$0$HTKT_TN_D300,24.300,2,585722.459,2305057.713,585735.993,2305037.530
C8FBB0,XR TNT$0$Xr-TNT-Khai$0$HTKT_TN_D300,25.300,2,585707.979,2305079.307,585722.069,2305058.294
C8FBB1,XR TNT$0$Xr-TNT-Khai$0$HTKT_TN_D300,27.300,2,585692.384,2305102.563,585707.589,2305079.889
C8FBB2,XR TNT$0$Xr-TNT-Khai$0$HTKT_TN_D300,26.725,2,585677.236,2305125.425,585691.995,2305103.144
C8FBB3,XR TNT$0$Xr-TNT-Khai$0$HTKT_TN_D300,31.002,5,585661.295,2305110.251,585676.679,2305126.255
C8FBB4,XR TNT$0$Xr-TNT-Khai$0$HTKT_TN_D300,22.001,2,585674.239,2305091.237,585661.852,2305109.420
C8FBB5,XR TNT$0$Xr-TNT-Khai$0$HTKT_TN_D300,27.300,2,585689.833,2305067.982,585674.628,2305090.656
C8FBB6,XR TNT$0$Xr-TNT-Khai$0$HTKT_TN_D300,25.300,2,585704.313,2305046.388,585690.223,2305067.400
C8FBB7,XR TNT$0$Xr-TNT-Khai$0$HTKT_TN_D300,24.300,2,585718.237,2305025.624,585704.703,2305045.806
C8FBB8,XR TNT$0$Xr-TNT-Khai$0$HTKT_TN_D300,17.300,2,585664.486,2305085.059,585674.054,2305070.646
C8FBB9,XR TNT$0$Xr-TNT-Khai$0$HTKT_TN_D300,24.109,2,585650.791,2305105.745,585664.096,2305085.640
C8FBBA,XR TNT$0$Xr-TNT-Khai$0$HTKT_TN_D300,29.853,6,585632.217,2305094.350,585650.234,2305106.557
C8FBBB,XR TNT$0$Xr-TNT-Khai$0$HTKT_TN_D300,23.989,2,585646.263,2305073.682,585632.774,2305093.519
C8FBBC,XR TNT$0$Xr-TNT-Khai$0$HTKT_TN_D300,17.300,2,585656.298,2305058.739,585646.653,2305073.100
C8FBBD,XR TNT$0$Xr-TNT-Khai$0$HTKT_TN_D300,17.300,2,585636.989,2305066.620,585646.646,2305052.266
C8FBBE,XR TNT$0$Xr-TNT-Khai$0$HTKT_TN_D300,22.256,2,585624.384,2305085.806,585636.599,2305067.202
C8FBBF,XR TNT$0$Xr-TNT-Khai$0$HTKT_TN_D300,31.637,6,585604.829,2305075.997,585623.802,2305086.674
C8FBC0,XR TNT$0$Xr-TNT-Khai$0$HTKT_TN_D300,21.000,2,585617.194,2305057.801,585605.386,2305075.167
C8FBC1,XR TNT$0$Xr-TNT-Khai$0$HTKT_TN_D300,20.300,2,585628.890,2305040.360,585617.584,2305057.220
C8FBC2,XR TNT$0$Xr-TNT-Khai$0$HTKT_TN_D300,20.263,2,585607.932,2305050.748,585619.217,2305033.918
C8FBC3,XR TNT$0$Xr-TNT-Khai$0$HTKT_TN_D300,19.301,2,585596.927,2305067.448,585607.542,2305051.329
C8FBC4,XR TNT$0$Xr-TNT-Khai$0$HTKT_TN_D300,33.633,6,585578.514,2305055.944,585596.370,2305068.279
C8FBC5,XR TNT$0$Xr-TNT-Khai$0$HTKT_TN_D300,19.001,2,585589.786,2305039.422,585579.071,2305055.113
C8FBC6,XR TNT$0$Xr-TNT-Khai$0$HTKT_TN_D300,20.300,2,585601.482,2305021.981,585590.176,2305038.841
C8FBC7,XR TNT$0$Xr-TNT-Khai$0$HTKT_TN_D300,20.284,2,585580.552,2305032.369,585591.849,2305015.521
C8FBC8,XR TNT$0$Xr-TNT-Khai$0$HTKT_TN_D300,21.250,2,585568.442,2305050.695,585580.134,2305032.950
C8FBC9,XR TNT$0$Xr-TNT-Khai$0$HTKT_TN_D300,28.078,5,585549.239,2305040.314,585567.885,2305051.525
C8FBCA,XR TNT$0$Xr-TNT-Khai$0$HTKT_TN_D300,17.324,2,585559.593,2305025.196,585549.796,2305039.483
C8FBCB,XR TNT$0$Xr-TNT-Khai$0$HTKT_TN_D300,25.247,2,585574.044,2305003.646,585559.983,2305024.615
C8FBCC,dim 300 ngang duong,32.014,2,585591.297,2304975.852,585574.434,2305003.065
C8FBCD,XR TNT$0$Xr-TNT-Khai$0$HTKT_TN_D300,27.781,2,585607.209,2304952.281,585591.692,2304975.324
C8FBCE,XR TNT$0$Xr-TNT-Khai$0$HTKT_TN_D300,24.300,2,585585.418,2304965.817,585598.952,2304945.635
C8FBCF,XR TNT$0$Xr-TNT-Khai$0$HTKT_TN_D300,25.263,2,585570.938,2304987.412,585585.008,2304966.430
C8FBD0,XR TNT$0$Xr-TNT-Khai$0$HTKT_TN_D300,25.300,2,585556.457,2305009.006,585570.548,2304987.993
C8FBD1,XR TNT$0$Xr-TNT-Khai$0$HTKT_TN_D300,27.355,2,585540.978,2305032.405,585556.068,2305009.588
C8FBD2,XR TNT$0$Xr-TNT-Khai$0$HTKT_TN_D300,32.585,6,585524.298,2305018.381,585540.421,2305033.235
C8FBD3,XR TNT$0$Xr-TNT-Khai$0$HTKT_TN_D300,26.998,2,585540.025,2304995.218,585524.854,2305017.550
C8FBD4,XR TNT$0$Xr-TNT-Khai$0$HTKT_TN_D300,22.300,2,585552.792,2304976.086,585540.415,2304994.637
C8FBD5,XR TNT$0$Xr-TNT-Khai$0$HTKT_TN_D300,25.300,2,585567.272,2304954.492,585553.182,2304975.505
C8FBD6,XR TNT$0$Xr-TNT-Khai$0$HTKT_TN_D300,24.300,2,585581.270,2304933.778,585567.662,2304953.911
C8FBD7,XR TNT$0$Xr-TNT-Khai$0$HTKT_TN_D300,27.300,2,585872.385,2304998.716,585887.555,2304976.018
C8FBD8,XR TNT$0$Xr-TNT-Khai$0$HTKT_TN_D300,22.300,2,585859.541,2305017.795,585871.996,2304999.297
C8FBD9,XR TNT$0$Xr-TNT-Khai$0$HTKT_TN_D300,25.300,2,585845.060,2305039.390,585859.151,2305018.377
C8FBDA,XR TNT$0$Xr-TNT-Khai$0$HTKT_TN_D300,24.004,2,585831.112,2305059.779,585844.670,2305039.971
C8FBDB,XR TNT$0$Xr-TNT-Khai$0$HTKT_TN_D300,28.484,5,585847.313,2305074.739,585830.555,2305060.610
C8FBDC,XR TNT$0$Xr-TNT-Khai$0$HTKT_TN_D300,26.405,2,585862.426,2305051.878,585847.870,2305073.908
C8FBDD,XR TNT$0$Xr-TNT-Khai$0$HTKT_TN_D300,25.300,2,585876.907,2305030.283,585862.816,2305051.296
C8FBDE,XR TNT$0$Xr-TNT-Khai$0$HTKT_TN_D300,25.300,2,585891.387,2305008.689,585877.297,2305029.702
C8FBDF,XR TNT$0$Xr-TNT-Khai$0$HTKT_TN_D300,24.300,2,585905.311,2304987.925,585891.777,2305008.108
C8FBE0,XR TNT$0$Xr-TNT-Khai$0$HTKT_TN_D300,27.300,2,585751.145,2304917.416,585766.294,2304894.705
C8FBE1,XR TNT$0$Xr-TNT-Khai$0$HTKT_TN_D300,22.300,2,585738.280,2304936.482,585750.755,2304917.997
C8FBE2,XR TNT$0$Xr-TNT-Khai$0$HTKT_TN_D300,25.300,2,585723.800,2304958.076,585737.890,2304937.063
C8FBE3,XR TNT$0$Xr-TNT-Khai$0$HTKT_TN_D300,24.300,2,585709.821,2304978.803,585723.410,2304958.657
C8FBE4,XR TNT$0$Xr-TNT-Khai$0$HTKT_TN_D300,35.308,6,585730.004,2304987.521,585709.264,2304979.634
C8FBE5,XR TNT$0$Xr-TNT-Khai$0$HTKT_TN_D300,19.301,2,585741.166,2304970.564,585730.561,2304986.690
C8FBE6,XR TNT$0$Xr-TNT-Khai$0$HTKT_TN_D300,25.300,2,585755.646,2304948.970,585741.556,2304969.983
C8FBE7,XR TNT$0$Xr-TNT-Khai$0$HTKT_TN_D300,25.300,2,585770.127,2304927.375,585756.036,2304948.388
C8FBE8,XR TNT$0$Xr-TNT-Khai$0$HTKT_TN_D300,24.300,2,585784.050,2304906.612,585770.517,2304926.794
C8FBE9,XR TNT$0$Xr-TNT-Khai$0$HTKT_TN_D300,27.300,2,585723.717,2304899.024,585738.886,2304876.326
C8FBEA,XR TNT$0$Xr-TNT-Khai$0$HTKT_TN_D300,22.300,2,585710.872,2304918.103,585723.327,2304899.605
C8FBEB,XR TNT$0$Xr-TNT-Khai$0$HTKT_TN_D300,25.300,2,585696.391,2304939.697,585710.482,2304918.684
C8FBEC,XR TNT$0$Xr-TNT-Khai$0$HTKT_TN_D300,24.312,2,585682.345,2304960.393,585696.002,2304940.278
C8FBED,XR TNT$0$Xr-TNT-Khai$0$HTKT_TN_D300,35.448,6,585702.610,2304969.151,585681.789,2304961.209
C8FBEE,XR TNT$0$Xr-TNT-Khai$0$HTKT_TN_D300,19.301,2,585713.758,2304952.185,585703.167,2304968.321
C8FBEF,XR TNT$0$Xr-TNT-Khai$0$HTKT_TN_D300,25.300,2,585728.238,2304930.591,585714.148,2304951.604
C8FBF0,XR TNT$0$Xr-TNT-Khai$0$HTKT_TN_D300,25.300,2,585742.719,2304908.996,585728.628,2304930.009
C8FBF1,XR TNT$0$Xr-TNT-Khai$0$HTKT_TN_D300,24.300,2,585756.642,2304888.233,585743.109,2304908.415
C8FBF2,XR TNT$0$Xr-TNT-Khai$0$HTKT_TN_D300,27.300,2,585696.241,2304880.599,585711.478,2304857.947
C8FBF3,XR TNT$0$Xr-TNT-Khai$0$HTKT_TN_D300,22.300,2,585683.464,2304899.724,585695.851,2304881.180
C8FBF4,XR TNT$0$Xr-TNT-Khai$0$HTKT_TN_D300,25.300,2,585668.983,2304921.318,585683.074,2304900.305
C8FBF5,XR TNT$0$Xr-TNT-Khai$0$HTKT_TN_D300,24.301,2,585654.927,2304941.993,585668.593,2304921.899
C8FBF6,XR TNT$0$Xr-TNT-Khai$0$HTKT_TN_D300,35.444,6,585675.198,2304950.770,585654.371,2304942.824
C8FBF7,XR TNT$0$Xr-TNT-Khai$0$HTKT_TN_D300,19.301,2,585686.350,2304933.806,585675.755,2304949.939
C8FBF8,XR TNT$0$Xr-TNT-Khai$0$HTKT_TN_D300,25.300,2,585700.830,2304912.212,585686.739,2304933.225
C8FBF9,XR TNT$0$Xr-TNT-Khai$0$HTKT_TN_D300,25.263,2,585715.290,2304890.648,585701.220,2304911.630
C8FBFA,XR TNT$0$Xr-TNT-Khai$0$HTKT_TN_D300,24.300,2,585729.234,2304869.853,585715.700,2304890.036
C8FBFB,XR TNT$0$Xr-TNT-Khai$0$HTKT_TN_D300,27.300,2,585668.913,2304862.274,585684.070,2304839.568
C8FBFC,XR TNT$0$Xr-TNT-Khai$0$HTKT_TN_D300,22.300,2,585656.056,2304881.344,585668.523,2304862.855
C8FBFD,XR TNT$0$Xr-TNT-Khai$0$HTKT_TN_D300,25.300,2,585641.575,2304902.939,585655.666,2304881.926
C8FBFE,XR TNT$0$Xr-TNT-Khai$0$HTKT_TN_D300,24.312,2,585627.496,2304923.598,585641.185,2304903.507
C8FBFF,XR TNT$0$Xr-TNT-Khai$0$HTKT_TN_D300,35.435,6,585647.820,2304932.411,585626.918,2304924.415
C8FC00,XR TNT$0$Xr-TNT-Khai$0$HTKT_TN_D300,19.301,2,585658.941,2304915.427,585648.376,2304931.580
C8FC01,XR TNT$0$Xr-TNT-Khai$0$HTKT_TN_D300,25.300,2,585673.422,2304893.833,585659.331,2304914.845
C8FC02,XR TNT$0$Xr-TNT-Khai$0$HTKT_TN_D300,25.300,2,585687.902,2304872.238,585673.812,2304893.251
C8FC03,XR TNT$0$Xr-TNT-Khai$0$HTKT_TN_D300,24.300,2,585701.826,2304851.474,585688.292,2304871.657
C8FC04,XR TNT$0$Xr-TNT-Khai$0$HTKT_TN_D300,27.300,2,585641.451,2304843.859,585656.662,2304821.189
C8FC05,XR TNT$0$Xr-TNT-Khai$0$HTKT_TN_D300,22.300,2,585628.642,2304862.961,585641.061,2304844.440
C8FC06,XR TNT$0$Xr-TNT-Khai$0$HTKT_TN_D300,25.300,2,585614.167,2304884.560,585628.258,2304863.547
C8FC07,XR TNT$0$Xr-TNT-Khai$0$HTKT_TN_D300,24.300,2,585600.136,2304905.252,585613.777,2304885.141
C8FC08,XR TNT$0$Xr-TNT-Khai$0$HTKT_TN_D300,26.427,2,585631.533,2304897.048,585617.018,2304919.132
C8FC09,XR TNT$0$Xr-TNT-Khai$0$HTKT_TN_D300,25.300,2,585646.014,2304875.453,585631.923,2304896.466
C8FC0A,XR TNT$0$Xr-TNT-Khai$0$HTKT_TN_D300,25.303,2,585660.494,2304853.859,585646.399,2304874.872
C8FC0B,XR TNT$0$Xr-TNT-Khai$0$HTKT_TN_D300,24.300,2,585674.418,2304833.095,585660.884,2304853.278
C8FC0C,XR TNT$0$Xr-TNT-Khai$0$HTKT_TN_D300,24.300,2,585928.838,2305032.959,585942.371,2305012.777
C8FC0D,XR TNT$0$Xr-TNT-Khai$0$HTKT_TN_D300,25.300,2,585914.357,2305054.553,585928.448,2305033.540
C8FC0E,XR TNT$0$Xr-TNT-Khai$0$HTKT_TN_D300,25.308,2,585899.872,2305076.154,585913.967,2305055.135
C8FC0F,XR TNT$0$Xr-TNT-Khai$0$HTKT_TN_D300,23.999,2,585885.976,2305096.563,585899.487,2305076.729
C8FC10,XR TNT$0$Xr-TNT-Khai$0$HTKT_TN_D300,28.506,5,585902.138,2305111.436,585885.419,2305097.394
C8FC11,XR TNT$0$Xr-TNT-Khai$0$HTKT_TN_D300,26.350,2,585917.243,2305088.636,585902.695,2305110.605
C8FC12,XR TNT$0$Xr-TNT-Khai$0$HTKT_TN_D300,25.300,2,585931.723,2305067.041,585917.633,2305088.054
C8FC13,XR TNT$0$Xr-TNT-Khai$0$HTKT_TN_D300,25.300,2,585946.204,2305045.447,585932.113,2305066.460
C8FC14,XR TNT$0$Xr-TNT-Khai$0$HTKT_TN_D300,24.300,2,585960.127,2305024.683,585946.594,2305044.866
C8FC15,XR TNT$0$Xr-TNT-Khai$0$HTKT_TN_D300,15.001,2,585277.186,2304843.047,585268.699,2304855.416
C8FC16,dim 300 ngang duong,10.683,2,585406.194,2304894.922,585414.578,2304901.542
C8FC17,dim 300 ngang duong,10.675,2,585365.423,2304867.740,585373.881,2304874.252
C8FC18,dim 300 ngang duong,10.320,2,585324.761,2304840.396,585332.977,2304846.642
C8FC19,XR TNT$0$Xr-TNT-Khai$0$HTKT_TN_D300,26.300,2,585340.367,2304815.942,585355.014,2304794.098
C8FC1A,XR TNT$0$Xr-TNT-Khai$0$HTKT_TN_D300,27.803,2,585324.624,2304839.703,585339.977,2304816.523
C8FC1B,XR TNT$0$Xr-TNT-Khai$0$HTKT_TN_D300,20.637,3,585306.177,2304833.999,585324.067,2304840.533
C8FC1C,XR TNT$0$Xr-TNT-Khai$0$HTKT_TN_D300,20.734,3,585293.028,2304819.407,585305.596,2304833.609
C8FC1D,XR TNT$0$Xr-TNT-Khai$0$HTKT_TN_D300,27.843,2,585308.932,2304795.705,585293.438,2304818.839
C8FC1E,XR TNT$0$Xr-TNT-Khai$0$HTKT_TN_D300,26.300,2,585323.969,2304773.280,585309.322,2304795.124
C8FC1F,XR TNT$0$Xr-TNT-Khai$0$HTKT_TN_D300,26.300,2,585381.064,2304843.232,585395.679,2304821.366
C8FC20,XR TNT$0$Xr-TNT-Khai$0$HTKT_TN_D300,27.867,2,585365.286,2304867.046,585380.674,2304843.813
C8FC21,XR TNT$0$Xr-TNT-Khai$0$HTKT_TN_D300,20.587,3,585346.770,2304861.444,585364.729,2304867.877
C8FC22,XR TNT$0$Xr-TNT-Khai$0$HTKT_TN_D300,19.898,3,585333.114,2304847.336,585345.954,2304860.866
C8FC23,XR TNT$0$Xr-TNT-Khai$0$HTKT_TN_D300,28.415,2,585349.629,2304822.996,585333.670,2304846.505
C8FC24,XR TNT$0$Xr-TNT-Khai$0$HTKT_TN_D300,26.489,2,585364.772,2304800.414,585350.019,2304822.414
C8FC25,XR TNT$0$Xr-TNT-Khai$0$HTKT_TN_D300,26.300,2,585421.761,2304870.522,585436.491,2304848.734
C8FC26,XR TNT$0$Xr-TNT-Khai$0$HTKT_TN_D300,27.736,2,585406.057,2304894.228,585421.371,2304871.103
C8FC27,XR TNT$0$Xr-TNT-Khai$0$HTKT_TN_D300,20.685,3,585387.482,2304888.713,585405.500,2304895.058
C8FC28,XR TNT$0$Xr-TNT-Khai$0$HTKT_TN_D300,20.241,3,585373.883,2304874.261,585386.651,2304888.156
C8FC29,XR TNT$0$Xr-TNT-Khai$0$HTKT_TN_D300,29.065,2,585390.263,2304850.243,585373.881,2304874.252
C8FC2A,XR TNT$0$Xr-TNT-Khai$0$HTKT_TN_D300,26.447,2,585405.469,2304827.704,585390.739,2304849.669
C8FC2B,XR TNT$0$Xr-TNT-Khai$0$HTKT_TN_D300,26.300,2,585462.458,2304897.812,585477.105,2304875.969
C8FC2C,XR TNT$0$Xr-TNT-Khai$0$HTKT_TN_D300,33.643,3,585441.620,2304923.435,585462.068,2304898.394
C8FC2D,XR TNT$0$Xr-TNT-Khai$0$HTKT_TN_D300,35.841,3,585414.580,2304901.551,585440.643,2304923.613
C8FC2E,XR TNT$0$Xr-TNT-Khai$0$HTKT_TN_D300,28.415,2,585431.023,2304877.576,585415.065,2304901.086
C8FC2F,XR TNT$0$Xr-TNT-Khai$0$HTKT_TN_D300,26.489,2,585446.166,2304854.994,585431.413,2304876.994
C8FC30,XR TNT$0$Xr-TNT-Khai$0$HTKT_TN_D300,26.300,2,585429.170,2304700.499,585407.326,2304685.851
C8FC31,XR TNT$0$Xr-TNT-Khai$0$HTKT_TN_D300,26.300,2,585451.595,2304715.536,585429.751,2304700.889
C8FC32,XR TNT$0$Xr-TNT-Khai$0$HTKT_TN_D300,26.301,2,585474.021,2304730.574,585452.176,2304715.926
C8FC33,XR TNT$0$Xr-TNT-Khai$0$HTKT_TN_D300,26.299,2,585496.534,2304745.478,585474.602,2304730.964
C8FC34,XR TNT$0$Xr-TNT-Khai$0$HTKT_TN_D300,26.000,2,585518.959,2304760.515,585497.365,2304746.035
C8FC35,XR TNT$0$Xr-TNT-Khai$0$HTKT_TN_D300,23.058,2,585538.920,2304773.945,585519.789,2304761.072
C8FC36,XR TNT$0$Xr-TNT-Khai$0$HTKT_TN_D300,20.568,3,585533.323,2304792.422,585539.748,2304774.505
C8FC37,XR TNT$0$Xr-TNT-Khai$0$HTKT_TN_D300,21.500,2,585520.792,2304811.109,585532.766,2304793.252
C8FC38,XR TNT$0$Xr-TNT-Khai$0$HTKT_TN_D300,17.000,2,585510.767,2304826.059,585520.235,2304811.940
C8FC39,XR TNT$0$Xr-TNT-Khai$0$HTKT_TN_D300,18.513,2,585499.680,2304842.116,585510.210,2304826.890
C8FC3A,XR TNT$0$Xr-TNT-Khai$0$HTKT_TN_D300,24.716,3,585477.331,2304832.197,585498.700,2304842.319
C8FC3B,XR TNT$0$Xr-TNT-Khai$0$HTKT_TN_D300,26.000,2,585454.913,2304817.148,585476.501,2304831.639
C8FC3C,XR TNT$0$Xr-TNT-Khai$0$HTKT_TN_D300,26.000,2,585432.496,2304802.100,585454.083,2304816.591
C8FC3D,XR TNT$0$Xr-TNT-Khai$0$HTKT_TN_D300,26.000,2,585410.079,2304787.051,585431.666,2304801.542
C8FC3E,XR TNT$0$Xr-TNT-Khai$0$HTKT_TN_D300,26.000,2,585387.661,2304772.002,585409.248,2304786.494
C8FC3F,XR TNT$0$Xr-TNT-Khai$0$HTKT_TN_D300,26.000,2,585365.244,2304756.954,585386.831,2304771.445
C8FC40,XR TNT$0$Xr-TNT-Khai$0$HTKT_TN_D300,26.530,3,585346.862,2304738.911,585364.387,2304756.436
C8FC41,XR TNT$0$Xr-TNT-Khai$0$HTKT_TN_D300,17.205,2,585357.107,2304723.863,585347.419,2304738.080
C8FC42,XR TNT$0$Xr-TNT-Khai$0$HTKT_TN_D300,26.300,2,585372.145,2304701.438,585357.497,2304723.281
C8FC43,XR TNT$0$Xr-TNT-Khai$0$HTKT_TN_D300,23.300,2,584992.477,2305334.740,584979.500,2305354.092
C8FC44,XR TNT$0$Xr-TNT-Khai$0$HTKT_TN_D300,23.300,2,585005.844,2305314.807,584992.867,2305334.159
C8FC45,XR TNT$0$Xr-TNT-Khai$0$HTKT_TN_D300,23.311,2,585019.216,2305294.864,585006.233,2305314.225
C8FC46,XR TNT$0$Xr-TNT-Khai$0$HTKT_TN_D300,15.308,2,585028.056,2305281.532,585019.600,2305294.292
C8FC47,XR TNT$0$Xr-TNT-Khai$0$HTKT_TN_D300,13.196,2,585035.997,2305270.129,585028.446,2305280.950
C8FC48,XR TNT$0$Xr-TNT-Khai$0$HTKT_TN_D300,23.799,4,585026.576,2305251.464,585036.554,2305269.298
C8FC49,XR TNT$0$Xr-TNT-Khai$0$HTKT_TN_D300,23.581,4,585005.496,2305247.906,585025.750,2305250.900
C8FC4A,XR TNT$0$Xr-TNT-Khai$0$HTKT_TN_D300,13.374,2,584997.591,2305259.911,585004.949,2305248.743
C8FC4B,XR TNT$0$Xr-TNT-Khai$0$HTKT_TN_D300,15.298,2,584988.629,2305273.524,584997.032,2305260.741
C8FC4C,XR TNT$0$Xr-TNT-Khai$0$HTKT_TN_D300,23.300,2,584975.263,2305293.457,584988.239,2305274.105
C8FC4D,XR TNT$0$Xr-TNT-Khai$0$HTKT_TN_D300,23.290,2,584961.903,2305313.383,584974.874,2305294.040
C8FC4E,XR TNT$0$Xr-TNT-Khai$0$HTKT_TN_D300,23.300,2,584948.519,2305333.317,584961.506,2305313.972
C8FC4F,dim 300 ngang duong,10.655,2,585215.063,2305197.646,585206.540,2305191.251
C8FC50,XR TNT$0$Xr-TNT-Khai$0$HTKT_TN_D300,23.394,2,585288.611,2304981.103,585301.640,2304961.674
C8FC51,XR TNT$0$Xr-TNT-Khai$0$HTKT_TN_D300,23.300,2,585275.245,2305001.037,585288.222,2304981.685
C8FC52,XR TNT$0$Xr-TNT-Khai$0$HTKT_TN_D300,23.300,2,585261.878,2305020.970,585274.855,2305001.618
C8FC53,XR TNT$0$Xr-TNT-Khai$0$HTKT_TN_D300,15.301,2,585253.101,2305034.348,585261.488,2305021.551
C8FC54,XR TNT$0$Xr-TNT-Khai$0$HTKT_TN_D300,13.237,2,585245.080,2305046.111,585252.544,2305035.179
C8FC55,XR TNT$0$Xr-TNT-Khai$0$HTKT_TN_D300,23.917,4,585224.254,2305044.143,585244.580,2305046.980
C8FC56,XR TNT$0$Xr-TNT-Khai$0$HTKT_TN_D300,23.939,4,585213.480,2305025.726,585223.426,2305043.583
C8FC57,XR TNT$0$Xr-TNT-Khai$0$HTKT_TN_D300,12.905,2,585221.224,2305014.177,585214.037,2305024.895
C8FC58,XR TNT$0$Xr-TNT-Khai$0$HTKT_TN_D300,15.276,2,585230.462,2305000.776,585221.789,2305013.352
C8FC59,XR TNT$0$Xr-TNT-Khai$0$HTKT_TN_D300,23.304,2,585243.816,2304980.799,585230.833,2305000.152
C8FC5A,XR TNT$0$Xr-TNT-Khai$0$HTKT_TN_D300,23.296,2,585257.177,2304960.867,585244.202,2304980.215
C8FC5B,XR TNT$0$Xr-TNT-Khai$0$HTKT_TN_D300,23.394,2,585270.595,2304940.856,585257.567,2304960.286
C8FC5C,dim 300 ngang duong,10.304,2,585286.080,2305074.134,585294.802,2305079.621
C8FC5D,dim 300 ngang duong,18.158,2,585433.963,2304940.620,585441.212,2304923.972
C8FC5E,XR TNT$0$Xr-TNT-Khai$0$HTKT_TN_D300,23.198,2,585420.474,2304960.710,585433.406,2304941.451
C8FC5F,XR TNT$0$Xr-TNT-Khai$0$HTKT_TN_D300,23.702,4,585399.775,2304958.388,585419.917,2304961.540
C8FC60,XR TNT$0$Xr-TNT-Khai$0$HTKT_TN_D300,25.994,2,585377.356,2304943.326,585398.945,2304957.803
C8FC61,XR TNT$0$Xr-TNT-Khai$0$HTKT_TN_D300,29.000,2,585352.439,2304926.618,585376.525,2304942.769
C8FC62,XR TNT$0$Xr-TNT-Khai$0$HTKT_TN_D300,29.000,2,585327.523,2304909.910,585351.609,2304926.061
C8FC63,XR TNT$0$Xr-TNT-Khai$0$HTKT_TN_D300,29.000,2,585302.606,2304893.201,585326.692,2304909.353
C8FC64,XR TNT$0$Xr-TNT-Khai$0$HTKT_TN_D300,28.963,2,585277.720,2304876.514,585301.776,2304892.645
C8FC65,XR TNT$0$Xr-TNT-Khai$0$HTKT_TN_D300,26.151,4,585268.142,2304856.246,585276.859,2304875.936
C8FC66,XR TNT$0$Xr-TNT-Khai$0$HTKT_TN_D300,26.300,2,585578.590,2304816.199,585593.238,2304794.356
C8FC67,XR TNT$0$Xr-TNT-Khai$0$HTKT_TN_D300,26.300,2,585563.553,2304838.624,585578.200,2304816.780
C8FC68,XR TNT$0$Xr-TNT-Khai$0$HTKT_TN_D300,17.300,2,585553.528,2304853.574,585563.163,2304839.205
C8FC69,XR TNT$0$Xr-TNT-Khai$0$HTKT_TN_D300,28.460,4,585533.099,2304869.761,585553.138,2304854.155
C8FC6A,XR TNT$0$Xr-TNT-Khai$0$HTKT_TN_D300,32.948,3,585509.642,2304847.940,585532.269,2304869.204
C8FC6B,XR TNT$0$Xr-TNT-Khai$0$HTKT_TN_D300,18.064,2,585520.432,2304832.224,585510.212,2304847.119
C8FC6C,XR TNT$0$Xr-TNT-Khai$0$HTKT_TN_D300,17.300,2,585530.457,2304817.274,585520.822,2304831.642
C8FC6D,XR TNT$0$Xr-TNT-Khai$0$HTKT_TN_D300,26.300,2,585545.494,2304794.849,585530.847,2304816.692
C8FC6E,XR TNT$0$Xr-TNT-Khai$0$HTKT_TN_D300,26.300,2,585560.532,2304772.424,585545.884,2304794.267
C8FC6F,dim 300 ngang duong,34.799,3,585521.626,2304901.436,585532.405,2304869.898
C8FC70,XR TNT$0$Xr-TNT-Khai$0$HTKT_TN_D300,26.000,2,585506.588,2304923.861,585521.069,2304902.267
C8FC71,XR TNT$0$Xr-TNT-Khai$0$HTKT_TN_D300,26.000,2,585491.551,2304946.286,585506.032,2304924.692
C8FC72,XR TNT$0$Xr-TNT-Khai$0$HTKT_TN_D300,26.000,2,585476.514,2304968.711,585490.994,2304947.117
C8FC73,XR TNT$0$Xr-TNT-Khai$0$HTKT_TN_D300,27.675,4,585456.198,2304984.105,585475.957,2304969.542
C8FC74,XR TNT$0$Xr-TNT-Khai$0$HTKT_TN_D300,33.596,3,585433.998,2304960.827,585455.368,2304983.548
C8FC75,XR TNT$0$Xr-TNT-Khai$0$HTKT_TN_D300,15.431,2,585443.284,2304947.271,585434.567,2304960.005
C8FC76,XR TNT$0$Xr-TNT-Khai$0$HTKT_TN_D300,26.300,2,585458.322,2304924.847,585443.674,2304946.690
C8FC77,XR TNT$0$Xr-TNT-Khai$0$HTKT_TN_D300,26.300,2,585473.359,2304902.422,585458.712,2304924.265
C8FC78,XR TNT$0$Xr-TNT-Khai$0$HTKT_TN_D300,26.300,2,585488.397,2304879.997,585473.749,2304901.840
C8FC79,XR TNT$0$Xr-TNT-Khai$0$HTKT_TN_D300,29.294,2,585456.429,2304659.781,585432.102,2304643.461
C8FC7A,XR TNT$0$Xr-TNT-Khai$0$HTKT_TN_D300,26.300,2,585478.885,2304674.839,585457.041,2304660.192
C8FC7B,XR TNT$0$Xr-TNT-Khai$0$HTKT_TN_D300,26.264,2,585501.369,2304689.723,585479.444,2304675.262
C8FC7C,XR TNT$0$Xr-TNT-Khai$0$HTKT_TN_D300,26.000,2,585523.824,2304704.781,585502.230,2304690.300
C8FC7D,XR TNT$0$Xr-TNT-Khai$0$HTKT_TN_D300,25.963,2,585546.218,2304719.798,585524.655,2304705.338
C8FC7E,XR TNT$0$Xr-TNT-Khai$0$HTKT_TN_D300,20.175,2,585563.843,2304731.601,585547.080,2304720.375
C8FC7F,XR TNT$0$Xr-TNT-Khai$0$HTKT_TN_D300,21.743,3,585560.613,2304751.725,585564.660,2304732.179
C8FC80,XR TNT$0$Xr-TNT-Khai$0$HTKT_TN_D300,20.397,3,585545.949,2304765.003,585560.056,2304752.555
C8FC81,XR TNT$0$Xr-TNT-Khai$0$HTKT_TN_D300,22.916,2,585526.086,2304751.683,585545.119,2304764.446
C8FC82,XR TNT$0$Xr-TNT-Khai$0$HTKT_TN_D300,26.000,2,585503.658,2304736.650,585525.252,2304751.130
C8FC83,XR TNT$0$Xr-TNT-Khai$0$HTKT_TN_D300,26.300,2,585481.073,2304721.312,585502.827,2304736.093
C8FC84,XR TNT$0$Xr-TNT-Khai$0$HTKT_TN_D300,26.300,2,585458.649,2304706.274,585480.492,2304720.922
C8FC85,XR TNT$0$Xr-TNT-Khai$0$HTKT_TN_D300,26.300,2,585436.224,2304691.237,585458.067,2304705.884
C8FC86,XR TNT$0$Xr-TNT-Khai$0$HTKT_TN_D300,26.300,2,585413.799,2304676.199,585435.642,2304690.847
C8FC87,dim 300 ngang duong,11.163,2,585499.305,2304842.685,585509.496,2304847.241
C8FC88,XR TNT$0$Xr-TNT-Khai$0$HTKT_TN_D300,27.396,2,585202.602,2305477.420,585187.357,2305500.183
C8FC89,XR TNT$0$Xr-TNT-Khai$0$HTKT_TN_D300,17.276,2,585212.627,2305462.499,585202.992,2305476.839
C8FC8A,XR TNT$0$Xr-TNT-Khai$0$HTKT_TN_D300,27.310,2,585228.214,2305439.228,585213.016,2305461.918
C8FC8B,XR TNT$0$Xr-TNT-Khai$0$HTKT_TN_D300,17.291,2,585238.379,2305424.383,585228.604,2305438.646
C8FC8C,XR TNT$0$Xr-TNT-Khai$0$HTKT_TN_D300,16.748,2,585248.264,2305409.643,585238.936,2305423.553
C8FC8D,XR TNT$0$Xr-TNT-Khai$0$HTKT_TN_D300,23.438,3,585235.886,2305391.609,585248.815,2305408.820
C8FC8E,XR TNT$0$Xr-TNT-Khai$0$HTKT_TN_D800,10.785,2,585224.433,2305392.470,585235.095,2305390.840
C8FC8F,XR TNT$0$Xr-TNT-Khai$0$HTKT_TN_D300,29.309,2,585354.233,2305474.077,585378.669,2305490.261
C8FC90,XR TNT$0$Xr-TNT-Khai$0$HTKT_TN_D300,26.218,2,585331.701,2305458.809,585353.403,2305473.521
C8FC91,XR TNT$0$Xr-TNT-Khai$0$HTKT_TN_D300,25.945,2,585309.342,2305443.773,585330.871,2305458.252
C8FC92,dim 300 ngang duong,32.889,2,585268.104,2305457.168,585287.321,2305430.478
C8FC93,XR TNT$0$Xr-TNT-Khai$0$HTKT_TN_D300,27.300,2,585366.741,2305588.186,585351.536,2305610.860
C8FC94,XR TNT$0$Xr-TNT-Khai$0$HTKT_TN_D300,27.300,2,585382.335,2305564.931,585367.130,2305587.605
C8FC95,XR TNT$0$Xr-TNT-Khai$0$HTKT_TN_D300,25.000,2,585396.782,2305543.675,585382.745,2305564.363
C8FC96,XR TNT$0$Xr-TNT-Khai$0$HTKT_TN_D300,27.600,2,585412.710,2305519.921,585397.339,2305542.844
C8FC97,XR TNT$0$Xr-TNT-Khai$0$HTKT_TN_D300,28.136,4,585395.083,2305507.246,585413.267,2305519.091
C8FC98,XR TNT$0$Xr-TNT-Khai$0$HTKT_TN_D300,22.310,2,585382.100,2305526.606,585394.526,2305508.076
C8FC99,XR TNT$0$Xr-TNT-Khai$0$HTKT_TN_D300,30.000,2,585364.969,2305552.443,585381.544,2305527.437
C8FC9A,XR TNT$0$Xr-TNT-Khai$0$HTKT_TN_D300,27.307,2,585349.374,2305575.706,585364.583,2305553.026
C8FC9B,XR TNT$0$Xr-TNT-Khai$0$HTKT_TN_D300,27.293,2,585333.780,2305598.953,585348.984,2305576.288
C8FC9C,XR TNT$0$Xr-TNT-Khai$0$HTKT_TN_D300,22.240,2,585665.260,2305464.411,585652.873,2305482.883
C8FC9D,XR TNT$0$Xr-TNT-Khai$0$HTKT_TN_D300,27.300,2,585680.854,2305441.156,585665.649,2305463.830
C8FC9E,XR TNT$0$Xr-TNT-Khai$0$HTKT_TN_D300,25.300,2,585695.336,2305419.563,585681.244,2305440.574
C8FC9F,XR TNT$0$Xr-TNT-Khai$0$HTKT_TN_D300,14.001,2,585703.655,2305407.442,585695.726,2305418.981
C8FCA0,XR TNT$0$Xr-TNT-Khai$0$HTKT_TN_D300,27.086,4,585701.575,2305385.048,585704.212,2305406.611
C8FCA1,XR TNT$0$Xr-TNT-Khai$0$HTKT_TN_D300,19.307,2,585671.324,2305402.618,585681.958,2305386.504
C8FCA2,XR TNT$0$Xr-TNT-Khai$0$HTKT_TN_D300,25.300,2,585656.843,2305424.212,585670.934,2305403.199
C8FCA3,XR TNT$0$Xr-TNT-Khai$0$HTKT_TN_D300,27.300,2,585641.263,2305447.477,585656.453,2305424.794
C8FCA4,XR TNT$0$Xr-TNT-Khai$0$HTKT_TN_D300,22.240,2,585628.472,2305466.521,585640.874,2305448.059
C8FCA5,XR TNT$0$Xr-TNT-Khai$0$HTKT_TN_D300,27.300,2,585624.159,2305204.305,585639.364,2305181.631
C8FCA6,XR TNT$0$Xr-TNT-Khai$0$HTKT_TN_D300,22.258,2,585611.373,2305223.373,585623.769,2305204.887
C8FCA7,XR TNT$0$Xr-TNT-Khai$0$HTKT_TN_D300,30.342,2,585594.084,2305249.155,585610.983,2305223.954
C8FCA8,XR TNT$0$Xr-TNT-Khai$0$HTKT_TN_D300,27.366,2,585578.596,2305272.560,585593.694,2305249.736
C8FCA9,XR TNT$0$Xr-TNT-Khai$0$HTKT_TN_D300,27.118,4,585559.772,2305261.771,585578.039,2305273.391
C8FCAA,XR TNT$0$Xr-TNT-Khai$0$HTKT_TN_D300,27.926,2,585575.938,2305237.830,585560.268,2305260.945
C8FCAB,XR TNT$0$Xr-TNT-Khai$0$HTKT_TN_D300,30.342,2,585593.227,2305212.047,585576.328,2305237.248
C8FCAC,XR TNT$0$Xr-TNT-Khai$0$HTKT_TN_D300,22.258,2,585606.013,2305192.980,585593.617,2305211.466
C8FCAD,XR TNT$0$Xr-TNT-Khai$0$HTKT_TN_D300,27.300,2,585621.608,2305169.724,585606.403,2305192.398
C8FCAE,XR TNT$0$Xr-TNT-Khai$0$HTKT_TN_D300,27.288,2,585651.567,2305222.684,585666.765,2305200.020
C8FCAF,XR TNT$0$Xr-TNT-Khai$0$HTKT_TN_D300,22.258,2,585638.781,2305241.752,585651.177,2305223.266
C8FCB0,XR TNT$0$Xr-TNT-Khai$0$HTKT_TN_D300,30.342,2,585621.492,2305267.534,585638.391,2305242.333
C8FCB1,XR TNT$0$Xr-TNT-Khai$0$HTKT_TN_D300,27.363,2,585605.986,2305290.923,585621.103,2305268.115
C8FCB2,XR TNT$0$Xr-TNT-Khai$0$HTKT_TN_D300,27.772,4,585587.619,2305279.396,585605.429,2305291.754
C8FCB3,XR TNT$0$Xr-TNT-Khai$0$HTKT_TN_D300,27.018,2,585603.346,2305256.209,585588.176,2305278.565
C8FCB4,XR TNT$0$Xr-TNT-Khai$0$HTKT_TN_D300,30.342,2,585620.635,2305230.426,585603.736,2305255.627
C8FCB5,XR TNT$0$Xr-TNT-Khai$0$HTKT_TN_D300,22.258,2,585633.421,2305211.359,585621.025,2305229.845
C8FCB6,XR TNT$0$Xr-TNT-Khai$0$HTKT_TN_D300,27.246,2,585649.009,2305188.113,585633.835,2305210.743
C8FCB7,XR TNT$0$Xr-TNT-Khai$0$HTKT_TN_D300,41.953,6,585731.314,2305372.120,585755.843,2305388.619
C8FCB8,XR TNT$0$Xr-TNT-Khai$0$HTKT_TN_D300,24.001,2,585745.371,2305351.446,585731.871,2305371.290
C8FCB9,XR TNT$0$Xr-TNT-Khai$0$HTKT_TN_D300,30.301,2,585762.636,2305325.699,585745.760,2305350.866
C8FCBA,XR TNT$0$Xr-TNT-Khai$0$HTKT_TN_D300,22.300,2,585775.446,2305306.596,585763.026,2305325.117
C8FCBB,XR TNT$0$Xr-TNT-Khai$0$HTKT_TN_D300,27.300,2,585791.040,2305283.341,585775.836,2305306.015
C8FCBC,XR TNT$0$Xr-TNT-Khai$0$HTKT_TN_D300,25.300,2,585740.168,2305279.087,585754.258,2305258.074
C8FCBD,XR TNT$0$Xr-TNT-Khai$0$HTKT_TN_D300,19.301,2,585729.174,2305295.795,585739.778,2305279.668
C8FCBE,XR TNT$0$Xr-TNT-Khai$0$HTKT_TN_D300,31.661,6,585709.659,2305285.894,585728.617,2305296.626
C8FCBF,XR TNT$0$Xr-TNT-Khai$0$HTKT_TN_D300,20.947,2,585722.022,2305267.761,585710.216,2305285.064
C8FCC0,XR TNT$0$Xr-TNT-Khai$0$HTKT_TN_D300,25.300,2,585736.502,2305246.167,585722.411,2305267.180
C8FCC1,XR TNT$0$Xr-TNT-Khai$0$HTKT_TN_D300,25.300,2,585507.683,2305685.037,585493.592,2305706.050
C8FCC2,XR TNT$0$Xr-TNT-Khai$0$HTKT_TN_D300,22.602,2,585520.616,2305665.654,585508.073,2305684.456
C8FCC3,XR TNT$0$Xr-TNT-Khai$0$HTKT_TN_D300,27.318,5,585502.801,2305654.026,585521.090,2305664.948
C8FCC4,XR TNT$0$Xr-TNT-Khai$0$HTKT_TN_D300,21.637,2,585490.316,2305672.549,585502.411,2305654.608
C8FCC5,XR TNT$0$Xr-TNT-Khai$0$HTKT_TN_D300,25.300,2,585475.836,2305694.144,585489.927,2305673.130
C8FCC6,XR TNT$0$Xr-TNT-Khai$0$HTKT_TN_D300,24.300,2,585919.185,2305026.487,585932.719,2305006.304
C8FCC7,XR TNT$0$Xr-TNT-Khai$0$HTKT_TN_D300,25.300,2,585904.705,2305048.081,585918.796,2305027.068
C8FCC8,XR TNT$0$Xr-TNT-Khai$0$HTKT_TN_D300,25.300,2,585890.225,2305069.675,585904.315,2305048.662
C8FCC9,XR TNT$0$Xr-TNT-Khai$0$HTKT_TN_D300,26.385,2,585875.248,2305092.242,585889.835,2305070.257
C8FCCA,XR TNT$0$Xr-TNT-Khai$0$HTKT_TN_D300,28.355,5,585858.049,2305079.043,585874.691,2305093.073
C8FCCB,XR TNT$0$Xr-TNT-Khai$0$HTKT_TN_D300,24.000,2,585872.079,2305058.350,585858.606,2305078.212
C8FCCC,XR TNT$0$Xr-TNT-Khai$0$HTKT_TN_D300,25.300,2,585886.559,2305036.756,585872.468,2305057.769
C8FCCD,XR TNT$0$Xr-TNT-Khai$0$HTKT_TN_D300,22.300,2,585899.429,2305017.693,585886.949,2305036.174
C8FCCE,XR TNT$0$Xr-TNT-Khai$0$HTKT_TN_D300,27.300,2,585914.963,2304994.398,585899.819,2305017.112
C8FCCF,XR TNT$0$Xr-TNT-Khai$0$HTKT_TN_D300,26.334,2,585457.555,2305420.726,585479.426,2305435.393
C8FCD0,XR TNT$0$Xr-TNT-Khai$0$HTKT_TN_D300,26.298,2,585435.127,2305405.698,585456.973,2305420.337
C8FCD1,XR TNT$0$Xr-TNT-Khai$0$HTKT_TN_D300,17.300,2,585420.177,2305395.673,585434.544,2305405.310
C8FCD2,XR TNT$0$Xr-TNT-Khai$0$HTKT_TN_D300,18.300,2,585404.363,2305385.140,585419.594,2305395.285
C8FCD3,XR TNT$0$Xr-TNT-Khai$0$HTKT_TN_D300,20.578,3,585409.939,2305366.718,585403.533,2305384.584
C8FCD4,XR TNT$0$Xr-TNT-Khai$0$HTKT_TN_D300,20.284,3,585424.430,2305353.417,585410.496,2305365.887
C8FCD5,XR TNT$0$Xr-TNT-Khai$0$HTKT_TN_D300,18.302,2,585440.424,2305364.222,585425.260,2305353.974
C8FCD6,XR TNT$0$Xr-TNT-Khai$0$HTKT_TN_D300,17.300,2,585455.373,2305374.249,585441.003,2305364.616
C8FCD7,XR TNT$0$Xr-TNT-Khai$0$HTKT_TN_D300,26.301,2,585477.790,2305389.301,585455.953,2305374.641
C8FCD8,XR TNT$0$Xr-TNT-Khai$0$HTKT_TN_D300,26.307,2,585500.220,2305404.335,585478.371,2305389.684
C8FCD9,XR TNT$0$Xr-TNT-Khai$0$HTKT_TN_D300,26.313,2,585532.952,2305308.289,585554.810,2305322.939
C8FCDA,XR TNT$0$Xr-TNT-Khai$0$HTKT_TN_D300,26.309,2,585510.533,2305293.227,585532.371,2305307.899
C8FCDB,XR TNT$0$Xr-TNT-Khai$0$HTKT_TN_D300,17.300,2,585495.583,2305283.222,585509.949,2305292.860
C8FCDC,XR TNT$0$Xr-TNT-Khai$0$HTKT_TN_D300,18.919,2,585479.374,2305272.169,585495.003,2305282.830
C8FCDD,XR TNT$0$Xr-TNT-Khai$0$HTKT_TN_D300,19.897,3,585465.070,2305284.489,585478.544,2305271.612
C8FCDE,XR TNT$0$Xr-TNT-Khai$0$HTKT_TN_D300,17.025,2,585474.197,2305313.857,585459.969,2305304.507
C8FCDF,XR TNT$0$Xr-TNT-Khai$0$HTKT_TN_D300,17.300,2,585489.125,2305323.916,585474.758,2305314.279
C8FCE0,XR TNT$0$Xr-TNT-Khai$0$HTKT_TN_D300,26.298,2,585511.553,2305338.944,585489.708,2305324.304
C8FCE1,XR TNT$0$Xr-TNT-Khai$0$HTKT_TN_D300,17.277,2,585526.485,2305348.955,585512.135,2305339.333
C8FCE2,dim 300 ngang duong,10.384,2,585643.816,2305516.111,585634.459,2305511.608
C8FCE3,XR TNT$0$Xr-TNT-Khai$0$HTKT_TN_D300,24.300,2,585862.945,2304991.852,585876.479,2304971.670
C8FCE4,XR TNT$0$Xr-TNT-Khai$0$HTKT_TN_D300,25.300,2,585848.465,2305013.447,585862.555,2304992.434
C8FCE5,XR TNT$0$Xr-TNT-Khai$0$HTKT_TN_D300,25.300,2,585833.984,2305035.041,585848.075,2305014.028
C8FCE6,XR TNT$0$Xr-TNT-Khai$0$HTKT_TN_D300,22.161,2,585821.395,2305054.123,585833.594,2305035.622
C8FCE7,XR TNT$0$Xr-TNT-Khai$0$HTKT_TN_D300,36.742,5,585796.519,2305037.809,585820.838,2305054.954
C8FCE8,XR TNT$0$Xr-TNT-Khai$0$HTKT_TN_D300,21.466,2,585809.194,2305019.260,585797.096,2305036.992
C8FCE9,XR TNT$0$Xr-TNT-Khai$0$HTKT_TN_D300,25.300,2,585823.674,2304997.666,585809.583,2305018.679
C8FCEA,XR TNT$0$Xr-TNT-Khai$0$HTKT_TN_D300,22.300,2,585836.525,2304978.591,585824.064,2304997.084
C8FCEB,XR TNT$0$Xr-TNT-Khai$0$HTKT_TN_D300,27.300,2,585852.078,2304955.308,585836.915,2304978.009
C8FCEC,XR TNT$0$Xr-TNT-Khai$0$HTKT_TN_D300,17.276,2,585822.740,2305191.179,585832.362,2305176.831
C8FCED,XR TNT$0$Xr-TNT-Khai$0$HTKT_TN_D300,24.216,2,585808.743,2305211.792,585822.358,2305191.766
C8FCEE,XR TNT$0$Xr-TNT-Khai$0$HTKT_TN_D300,29.748,6,585826.366,2305224.522,585808.186,2305212.623
C8FCEF,XR TNT$0$Xr-TNT-Khai$0$HTKT_TN_D300,20.974,2,585838.436,2305206.159,585826.923,2305223.691
C8FCF0,XR TNT$0$Xr-TNT-Khai$0$HTKT_TN_D300,20.300,2,585850.131,2305188.717,585838.825,2305205.577
C8FCF1,XR TNT$0$Xr-TNT-Khai$0$HTKT_TN_D300,27.300,2,585778.517,2304935.771,585793.703,2304913.084
C8FCF2,XR TNT$0$Xr-TNT-Khai$0$HTKT_TN_D300,22.300,2,585765.688,2304954.861,585778.127,2304936.352
C8FCF3,XR TNT$0$Xr-TNT-Khai$0$HTKT_TN_D300,25.300,2,585751.208,2304976.455,585765.299,2304955.442
C8FCF4,XR TNT$0$Xr-TNT-Khai$0$HTKT_TN_D300,24.300,2,585737.162,2304997.137,585750.818,2304977.036
C8FCF5,XR TNT$0$Xr-TNT-Khai$0$HTKT_TN_D300,34.994,6,585757.404,2305005.895,585736.584,2304997.953
C8FCF6,XR TNT$0$Xr-TNT-Khai$0$HTKT_TN_D300,19.301,2,585768.574,2304988.943,585757.961,2305005.064
C8FCF7,XR TNT$0$Xr-TNT-Khai$0$HTKT_TN_D300,25.300,2,585783.055,2304967.349,585768.964,2304988.362
C8FCF8,XR TNT$0$Xr-TNT-Khai$0$HTKT_TN_D300,25.300,2,585797.535,2304945.755,585783.444,2304966.767
C8FCF9,XR TNT$0$Xr-TNT-Khai$0$HTKT_TN_D300,24.300,2,585811.459,2304924.991,585797.925,2304945.173
C8FCFA,dim 300 ngang duong,12.394,2,585762.838,2305017.210,585758.098,2305005.758
C8FCFB,XR TNT$0$Xr-TNT-Khai$0$HTKT_TN_D300,27.300,2,585875.473,2305171.792,585890.678,2305149.118
C8FCFC,XR TNT$0$Xr-TNT-Khai$0$HTKT_TN_D300,20.263,2,585863.798,2305189.203,585875.083,2305172.373
C8FCFD,XR TNT$0$Xr-TNT-Khai$0$HTKT_TN_D300,27.300,2,585848.183,2305212.489,585863.388,2305189.815
C8FCFE,XR TNT$0$Xr-TNT-Khai$0$HTKT_TN_D300,19.847,2,585836.720,2305229.541,585847.793,2305213.070
C8FCFF,dim 300 ngang duong,10.384,2,585827.060,2305224.385,585835.978,2305229.705
C8FD00,dim 300 ngang duong,16.466,2,585719.531,2305151.771,585707.237,2305140.817
C8FD01,dim 300 ngang duong,11.330,2,585688.557,2305127.929,585677.373,2305126.118
C8FD02,dim 300 ngang duong,10.312,2,585549.102,2305039.620,585541.115,2305033.098
C8FD03,dim 300 ngang duong,10.701,2,585661.159,2305109.557,585650.928,2305106.420
C8FD04,dim 300 ngang duong,10.392,2,585682.136,2305266.852,585674.204,2305260.138
C8FD05,dim 300 ngang duong,10.422,2,585709.522,2305285.201,585701.891,2305278.102
C8FD06,dim 300 ngang duong,10.452,2,585736.864,2305303.714,585729.311,2305296.489
C8FD07,dim 300 ngang duong,10.307,2,585578.733,2305273.254,585587.483,2305278.702
C8FD08,dim 300 ngang duong,10.632,2,585503.143,2305149.034,585511.521,2305155.580
C8FD09,XR TNT$0$Xr-TNT-Khai$0$HTKT_TN_D300,22.300,2,585336.579,2305573.912,585324.160,2305592.434
C8FD0A,XR TNT$0$Xr-TNT-Khai$0$HTKT_TN_D300,26.657,2,585351.816,2305551.191,585336.969,2305573.331
C8FD0B,XR TNT$0$Xr-TNT-Khai$0$HTKT_TN_D300,25.354,4,585334.076,2305539.258,585352.206,2305550.609
C8FD0C,XR TNT$0$Xr-TNT-Khai$0$HTKT_TN_D300,25.988,2,585319.213,2305561.424,585333.686,2305539.839
C8FD0D,XR TNT$0$Xr-TNT-Khai$0$HTKT_TN_D300,22.300,2,585306.404,2305580.527,585318.823,2305562.006
C8FD0E,dim 300 ngang duong,10.395,2,585397.880,2305393.911,585403.670,2305385.277
C8FD0F,dim 300 ngang duong,10.460,2,585452.178,2305312.327,585459.276,2305304.644
C8FD10,dim 300 ngang duong,10.492,2,585808.049,2305211.929,585800.549,2305204.593
C8FD11,dim 300 ngang duong,10.274,2,585225.828,2305076.049,585233.842,2305082.478
C8FD12,XR TNT$0$Xr-TNT-Khai$0$HTKT_TN_D300,25.300,2,585798.565,2305324.869,585812.656,2305303.856
C8FD13,XR TNT$0$Xr-TNT-Khai$0$HTKT_TN_D300,24.300,2,585784.642,2305345.632,585798.175,2305325.450
C8FD14,XR TNT$0$Xr-TNT-Khai$0$HTKT_TN_D300,25.300,2,585770.161,2305367.227,585784.252,2305346.214
C8FD15,XR TNT$0$Xr-TNT-Khai$0$HTKT_TN_D300,24.300,2,585756.257,2305388.003,585769.771,2305367.808
C8FDCC,XR TNT$0$Xr-TNT-Khai$0$HTKT_TN_D300,10.314,2,585661.851,2305529.304,585659.856,2305519.185
C8FDCD,XR TNT$0$Xr-TNT-Khai$0$HTKT_TN_D300,34.816,2,585642.204,2305558.046,585661.851,2305529.304
C8FDCE,XR TNT$0$Xr-TNT-Khai$0$HTKT_TN_D300,27.300,2,585626.609,2305581.301,585641.814,2305558.627
C8FDCF,XR TNT$0$Xr-TNT-Khai$0$HTKT_TN_D300,27.300,2,585611.015,2305604.557,585626.220,2305581.883
C8FFF1,XR TNT$0$Xr-TNT-Khai$0$HTKT_TN_D300,27.486,2,585572.757,2305661.610,585588.199,2305638.871
C8FFF2,XR TNT$0$Xr-TNT-Khai$0$HTKT_TN_D300,25.300,2,585558.277,2305683.204,585572.367,2305662.191
C8FFF3,XR TNT$0$Xr-TNT-Khai$0$HTKT_TN_D300,27.300,2,585542.682,2305706.460,585557.887,2305683.786
C8FFF4,XR TNT$0$Xr-TNT-Khai$0$HTKT_TN_D300,22.300,2,585529.873,2305725.562,585542.292,2305707.041
C9016D,XR TNT$0$Xr-TNT-Khai$0$HTKT_TN_D300,27.845,5,585661.771,2305528.897,585644.509,2305515.971
C9016E,XR TNT$0$Xr-TNT-Khai$0$HTKT_TN_D800,5.145,2,585347.509,2305147.303,585343.185,2305144.513
C9016F,XR TNT$0$Xr-TNT-Khai$0$HTKT_TN_D800,2.600,2,585342.436,2305144.733,585340.971,2305146.881
C9A57E,dim 800 ngang duong,20.753,2,585155.589,2305510.768,585159.436,2305490.374
C9A57F,XR TNT$0$Xr-TNT-Khai$0$HTKT_TN_D800,17.738,2,584966.307,2305218.832,584956.428,2305233.564
C9A580,XR TNT$0$Xr-TNT-Khai$0$HTKT_TN_D800,16.557,2,585202.160,2305377.451,585192.914,2305391.186
C9A591,dim 300 ngang duong,26.001,4,585202.502,2305378.287,585223.860,2305392.528
C9A592,dim 300 ngang duong,31.289,3,585267.526,2305458.029,585251.032,2305484.159
C9A593,dim 300 ngang duong,21.995,2,585394.327,2305507.455,585379.750,2305490.984
C9A594,XR TNT$0$Xr-TNT-Khai$0$HTKT_TN_D300,24.034,2,585308.511,2305443.216,585287.992,2305430.701
C9A5AF,XR TNT$0$Xr-TNT-Khai$0$HTKT_TN_D800,8.292,2,585250.984,2305371.791,585255.699,2305364.970
C9A5CA,XR TNT$0$Xr-TNT-Khai$0$HTKT_TN_D800,6.955,2,585256.256,2305364.139,585262.981,2305362.363
C9A5E9,XR TNT$0$Xr-TNT-Khai$0$HTKT_TN_D800,6.733,2,585268.698,2305353.455,585267.843,2305346.777
C9A5EA,XR TNT$0$Xr-TNT-Khai$0$HTKT_TN_D800,26.136,2,585268.400,2305345.946,585283.000,2305324.269
C9A607,XR TNT$0$Xr-TNT-Khai$0$HTKT_TN_D800,6.529,2,585283.551,2305323.448,585289.946,2305322.130
C9A623,XR TNT$0$Xr-TNT-Khai$0$HTKT_TN_D800,6.702,2,585296.072,2305312.678,585295.200,2305306.033
C9A624,XR TNT$0$Xr-TNT-Khai$0$HTKT_TN_D800,26.166,2,585295.757,2305305.202,585310.342,2305283.478
C9A641,XR TNT$0$Xr-TNT-Khai$0$HTKT_TN_D800,6.427,2,585310.850,2305282.657,585317.102,2305281.168
C9A65C,XR TNT$0$Xr-TNT-Khai$0$HTKT_TN_D800,6.673,2,585322.492,2305265.410,585323.245,2305272.040
C9A65D,XR TNT$0$Xr-TNT-Khai$0$HTKT_TN_D800,26.147,2,585323.049,2305264.579,585337.582,2305242.843
C9A679,XR TNT$0$Xr-TNT-Khai$0$HTKT_TN_D800,6.765,2,585338.137,2305242.018,585344.797,2305240.834
C9A695,XR TNT$0$Xr-TNT-Khai$0$HTKT_TN_D800,26.013,2,585364.837,2305202.184,585350.373,2305223.804
C9A696,XR TNT$0$Xr-TNT-Khai$0$HTKT_TN_D800,6.716,2,585349.816,2305224.635,585350.652,2305231.299
C9A6B3,XR TNT$0$Xr-TNT-Khai$0$HTKT_TN_D800,6.453,2,585365.415,2305201.381,585371.678,2305199.823
C9A6B5,dim 800 ngang duong,18.663,2,585378.153,2305181.881,585372.539,2305199.680
C9A6BA,dim 300 ngang duong,20.559,2,585461.045,2305595.207,585456.954,2305615.355
C9A725,dim 300 ngang duong,20.674,2,585436.538,2305013.416,585432.922,2305033.771
C9A754,XR TNT$0$Xr-TNT-Khai$0$HTKT_TN_D300,21.858,4,585700.713,2305384.470,585682.504,2305385.673
C9A755,XR TNT$0$Xr-TNT-Khai$0$HTKT_TN_D300,21.750,4,585464.513,2305285.320,585459.139,2305303.950
C9A756,XR TNT$0$Xr-TNT-Khai$0$HTKT_TN_D300,27.579,5,585616.461,2304919.963,585599.579,2304906.082
C9A757,XR TNT$0$Xr-TNT-Khai$0$HTKT_TN_D300,30.705,6,585682.292,2305267.542,585701.197,2305278.239
C9A759,XR TNT$0$Xr-TNT-Khai$0$HTKT_TN_D300,33.050,6,585754.574,2305174.004,585772.447,2305186.350
