Handle,EntityType,Layer,Length,StartX,StartY,EndX,EndY
79A01D,AcDbPolyline,XR TNT$0$Xr-TNT-Khai$0$T-HO GA,2424.111,0.000,0.000,0.000,0.000
C8F95C,AcDbPolyline,dim 800 ngang duong,33.344,0.000,0.000,0.000,0.000
C8F95D,AcDbPolyline,XR TNT$0$Xr-TNT-Khai$0$HTKT_TN_D800,25.476,0.000,0.000,0.000,0.000
C8F95E,AcDbPolyline,XR TNT$0$Xr-TNT-Khai$0$HTKT_TN_D800,25.001,0.000,0.000,0.000,0.000
C8F95F,AcDbPolyline,XR TNT$0$Xr-TNT-Khai$0$HTKT_TN_D800,19.001,0.000,0.000,0.000,0.000
C8F960,AcDbPolyline,XR TNT$0$Xr-TNT-Khai$0$HTKT_TN_D800,24.999,0.000,0.000,0.000,0.000
C8F961,AcDbPolyline,XR TNT$0$Xr-TNT-Khai$0$HTKT_TN_D800,17.175,0.000,0.000,0.000,0.000
C8F962,AcDbPolyline,dim 800 ngang duong,18.341,0.000,0.000,0.000,0.000
C8F963,AcDbPolyline,XR TNT$0$Xr-TNT-Khai$0$HTKT_TN_D800,9.708,0.000,0.000,0.000,0.000
C8F964,AcDbPolyline,dim 800 ngang duong,9.760,0.000,0.000,0.000,0.000
C8F965,AcDbPolyline,dim 800 ngang duong,10.231,0.000,0.000,0.000,0.000
C8F967,AcDbPolyline,dim 800 ngang duong,9.865,0.000,0.000,0.000,0.000
C8F969,AcDbPolyline,dim 800 ngang duong,10.203,0.000,0.000,0.000,0.000
C8F96A,AcDbPolyline,XR TNT$0$Xr-TNT-Khai$0$HTKT_TN_D300,16.768,0.000,0.000,0.000,0.000
C8F96B,AcDbPolyline,XR TNT$0$Xr-TNT-Khai$0$HTKT_TN_D300,27.309,0.000,0.000,0.000,0.000
C8F96C,AcDbPolyline,XR TNT$0$Xr-TNT-Khai$0$HTKT_TN_D300,22.294,0.000,0.000,0.000,0.000
C8F96D,AcDbPolyline,XR TNT$0$Xr-TNT-Khai$0$HTKT_TN_D300,25.295,0.000,0.000,0.000,0.000
C8F96E,AcDbPolyline,XR TNT$0$Xr-TNT-Khai$0$HTKT_TN_D300,23.108,0.000,0.000,0.000,0.000
C8F96F,AcDbPolyline,XR TNT$0$Xr-TNT-Khai$0$HTKT_TN_D300,28.999,0.000,0.000,0.000,0.000
C8F970,AcDbPolyline,XR TNT$0$Xr-TNT-Khai$0$HTKT_TN_D300,19.004,0.000,0.000,0.000,0.000
C8F971,AcDbPolyline,XR TNT$0$Xr-TNT-Khai$0$HTKT_TN_D300,25.288,0.000,0.000,0.000,0.000
C8F972,AcDbPolyline,XR TNT$0$Xr-TNT-Khai$0$HTKT_TN_D300,22.301,0.000,0.000,0.000,0.000
C8F973,AcDbPolyline,XR TNT$0$Xr-TNT-Khai$0$HTKT_TN_D300,27.292,0.000,0.000,0.000,0.000
C8F974,AcDbPolyline,dim 300 ngang duong,10.567,0.000,0.000,0.000,0.000
C8F975,AcDbPolyline,dim 300 ngang duong,10.443,0.000,0.000,0.000,0.000
C8F976,AcDbPolyline,XR TNT$0$Xr-TNT-Khai$0$HTKT_TN_D300,18.704,0.000,0.000,0.000,0.000
C8F977,AcDbPolyline,XR TNT$0$Xr-TNT-Khai$0$HTKT_TN_D300,26.985,0.000,0.000,0.000,0.000
C8F978,AcDbPolyline,XR TNT$0$Xr-TNT-Khai$0$HTKT_TN_D300,22.007,0.000,0.000,0.000,0.000
C8F979,AcDbPolyline,XR TNT$0$Xr-TNT-Khai$0$HTKT_TN_D300,24.300,0.000,0.000,0.000,0.000
C8F97A,AcDbPolyline,dim 300 ngang duong,22.382,0.000,0.000,0.000,0.000
C8F97B,AcDbPolyline,dim 300 ngang duong,10.296,0.000,0.000,0.000,0.000
C8F97C,AcDbPolyline,dim 300 ngang duong,10.304,0.000,0.000,0.000,0.000
C8F97D,AcDbPolyline,dim 300 ngang duong,10.306,0.000,0.000,0.000,0.000
C8F97E,AcDbPolyline,dim 300 ngang duong,10.303,0.000,0.000,0.000,0.000
C8F97F,AcDbPolyline,dim 300 ngang duong,10.305,0.000,0.000,0.000,0.000
C8F980,AcDbPolyline,dim 300 ngang duong,10.302,0.000,0.000,0.000,0.000
C8F981,AcDbPolyline,dim 300 ngang duong,11.403,0.000,0.000,0.000,0.000
C8F982,AcDbPolyline,dim 300 ngang duong,10.304,0.000,0.000,0.000,0.000
C8F983,AcDbPolyline,dim 300 ngang duong,16.317,0.000,0.000,0.000,0.000
C8F984,AcDbPolyline,dim 300 ngang duong,10.075,0.000,0.000,0.000,0.000
C8F985,AcDbPolyline,XR TNT$0$Xr-TNT-Khai$0$HTKT_TN_D300,23.300,0.000,0.000,0.000,0.000
C8F986,AcDbPolyline,XR TNT$0$Xr-TNT-Khai$0$HTKT_TN_D300,23.300,0.000,0.000,0.000,0.000
C8F987,AcDbPolyline,XR TNT$0$Xr-TNT-Khai$0$HTKT_TN_D300,23.300,0.000,0.000,0.000,0.000
C8F988,AcDbPolyline,XR TNT$0$Xr-TNT-Khai$0$HTKT_TN_D300,15.300,0.000,0.000,0.000,0.000
C8F989,AcDbPolyline,XR TNT$0$Xr-TNT-Khai$0$HTKT_TN_D300,13.512,0.000,0.000,0.000,0.000
C8F98A,AcDbPolyline,XR TNT$0$Xr-TNT-Khai$0$HTKT_TN_D300,23.748,0.000,0.000,0.000,0.000
C8F98B,AcDbPolyline,XR TNT$0$Xr-TNT-Khai$0$HTKT_TN_D300,23.373,0.000,0.000,0.000,0.000
C8F98C,AcDbPolyline,XR TNT$0$Xr-TNT-Khai$0$HTKT_TN_D300,13.698,0.000,0.000,0.000,0.000
C8F98D,AcDbPolyline,XR TNT$0$Xr-TNT-Khai$0$HTKT_TN_D300,15.297,0.000,0.000,0.000,0.000
C8F98E,AcDbPolyline,XR TNT$0$Xr-TNT-Khai$0$HTKT_TN_D300,23.300,0.000,0.000,0.000,0.000
C8F98F,AcDbPolyline,XR TNT$0$Xr-TNT-Khai$0$HTKT_TN_D300,23.300,0.000,0.000,0.000,0.000
C8F990,AcDbPolyline,XR TNT$0$Xr-TNT-Khai$0$HTKT_TN_D300,23.300,0.000,0.000,0.000,0.000
C8F991,AcDbPolyline,XR TNT$0$Xr-TNT-Khai$0$HTKT_TN_D300,23.300,0.000,0.000,0.000,0.000
C8F992,AcDbPolyline,XR TNT$0$Xr-TNT-Khai$0$HTKT_TN_D300,23.300,0.000,0.000,0.000,0.000
C8F993,AcDbPolyline,XR TNT$0$Xr-TNT-Khai$0$HTKT_TN_D300,23.300,0.000,0.000,0.000,0.000
C8F994,AcDbPolyline,XR TNT$0$Xr-TNT-Khai$0$HTKT_TN_D300,15.302,0.000,0.000,0.000,0.000
C8F995,AcDbPolyline,XR TNT$0$Xr-TNT-Khai$0$HTKT_TN_D300,13.524,0.000,0.000,0.000,0.000
C8F996,AcDbPolyline,XR TNT$0$Xr-TNT-Khai$0$HTKT_TN_D300,23.675,0.000,0.000,0.000,0.000
C8F997,AcDbPolyline,XR TNT$0$Xr-TNT-Khai$0$HTKT_TN_D300,23.582,0.000,0.000,0.000,0.000
C8F998,AcDbPolyline,XR TNT$0$Xr-TNT-Khai$0$HTKT_TN_D300,13.491,0.000,0.000,0.000,0.000
C8F999,AcDbPolyline,XR TNT$0$Xr-TNT-Khai$0$HTKT_TN_D300,15.300,0.000,0.000,0.000,0.000
C8F99A,AcDbPolyline,XR TNT$0$Xr-TNT-Khai$0$HTKT_TN_D300,23.300,0.000,0.000,0.000,0.000
C8F99B,AcDbPolyline,XR TNT$0$Xr-TNT-Khai$0$HTKT_TN_D300,23.300,0.000,0.000,0.000,0.000
C8F99C,AcDbPolyline,XR TNT$0$Xr-TNT-Khai$0$HTKT_TN_D300,23.299,0.000,0.000,0.000,0.000
C8F99D,AcDbPolyline,XR TNT$0$Xr-TNT-Khai$0$HTKT_TN_D300,23.300,0.000,0.000,0.000,0.000
C8F99E,AcDbPolyline,XR TNT$0$Xr-TNT-Khai$0$HTKT_TN_D300,23.263,0.000,0.000,0.000,0.000
C8F99F,AcDbPolyline,XR TNT$0$Xr-TNT-Khai$0$HTKT_TN_D300,23.300,0.000,0.000,0.000,0.000
C8F9A0,AcDbPolyline,XR TNT$0$Xr-TNT-Khai$0$HTKT_TN_D300,15.300,0.000,0.000,0.000,0.000
C8F9A1,AcDbPolyline,XR TNT$0$Xr-TNT-Khai$0$HTKT_TN_D300,13.542,0.000,0.000,0.000,0.000
C8F9A2,AcDbPolyline,XR TNT$0$Xr-TNT-Khai$0$HTKT_TN_D300,23.718,0.000,0.000,0.000,0.000
C8F9A3,AcDbPolyline,XR TNT$0$Xr-TNT-Khai$0$HTKT_TN_D300,20.772,0.000,0.000,0.000,0.000
C8F9A4,AcDbPolyline,XR TNT$0$Xr-TNT-Khai$0$HTKT_TN_D300,16.057,0.000,0.000,0.000,0.000
C8F9A5,AcDbPolyline,XR TNT$0$Xr-TNT-Khai$0$HTKT_TN_D300,23.301,0.000,0.000,0.000,0.000
C8F9A6,AcDbPolyline,XR TNT$0$Xr-TNT-Khai$0$HTKT_TN_D300,15.300,0.000,0.000,0.000,0.000
C8F9A7,AcDbPolyline,XR TNT$0$Xr-TNT-Khai$0$HTKT_TN_D300,23.300,0.000,0.000,0.000,0.000
C8F9A8,AcDbPolyline,XR TNT$0$Xr-TNT-Khai$0$HTKT_TN_D300,23.300,0.000,0.000,0.000,0.000
C8F9A9,AcDbPolyline,XR TNT$0$Xr-TNT-Khai$0$HTKT_TN_D300,23.300,0.000,0.000,0.000,0.000
C8F9AA,AcDbPolyline,XR TNT$0$Xr-TNT-Khai$0$HTKT_TN_D300,23.300,0.000,0.000,0.000,0.000
C8F9AB,AcDbPolyline,XR TNT$0$Xr-TNT-Khai$0$HTKT_TN_D300,23.300,0.000,0.000,0.000,0.000
C8F9AC,AcDbPolyline,XR TNT$0$Xr-TNT-Khai$0$HTKT_TN_D300,15.301,0.000,0.000,0.000,0.000
C8F9AD,AcDbPolyline,XR TNT$0$Xr-TNT-Khai$0$HTKT_TN_D300,16.356,0.000,0.000,0.000,0.000
C8F9AE,AcDbPolyline,XR TNT$0$Xr-TNT-Khai$0$HTKT_TN_D300,20.798,0.000,0.000,0.000,0.000
C8F9AF,AcDbPolyline,XR TNT$0$Xr-TNT-Khai$0$HTKT_TN_D300,23.305,0.000,0.000,0.000,0.000
C8F9B0,AcDbPolyline,XR TNT$0$Xr-TNT-Khai$0$HTKT_TN_D300,15.605,0.000,0.000,0.000,0.000
C8F9B1,AcDbPolyline,XR TNT$0$Xr-TNT-Khai$0$HTKT_TN_D300,15.300,0.000,0.000,0.000,0.000
C8F9B2,AcDbPolyline,XR TNT$0$Xr-TNT-Khai$0$HTKT_TN_D300,23.300,0.000,0.000,0.000,0.000
C8F9B3,AcDbPolyline,XR TNT$0$Xr-TNT-Khai$0$HTKT_TN_D300,23.300,0.000,0.000,0.000,0.000
C8F9B4,AcDbPolyline,XR TNT$0$Xr-TNT-Khai$0$HTKT_TN_D300,23.300,0.000,0.000,0.000,0.000
C8F9B5,AcDbPolyline,dim 300 ngang duong,11.033,0.000,0.000,0.000,0.000
C8F9B6,AcDbPolyline,dim 300 ngang duong,10.325,0.000,0.000,0.000,0.000
C8F9B7,AcDbPolyline,dim 300 ngang duong,10.590,0.000,0.000,0.000,0.000
C8F9B8,AcDbPolyline,XR TNT$0$Xr-TNT-Khai$0$HTKT_TN_D300,17.621,0.000,0.000,0.000,0.000
C8F9B9,AcDbPolyline,XR TNT$0$Xr-TNT-Khai$0$HTKT_TN_D300,24.301,0.000,0.000,0.000,0.000
C8F9BA,AcDbPolyline,XR TNT$0$Xr-TNT-Khai$0$HTKT_TN_D300,25.300,0.000,0.000,0.000,0.000
C8F9BB,AcDbPolyline,XR TNT$0$Xr-TNT-Khai$0$HTKT_TN_D300,24.300,0.000,0.000,0.000,0.000
C8F9BC,AcDbPolyline,dim 800 ngang duong,44.541,0.000,0.000,0.000,0.000
C8F9BD,AcDbPolyline,dim 300 ngang duong,11.222,0.000,0.000,0.000,0.000
C8F9BE,AcDbPolyline,XR TNT$0$Xr-TNT-Khai$0$HTKT_TN_D300,26.300,0.000,0.000,0.000,0.000
C8F9BF,AcDbPolyline,XR TNT$0$Xr-TNT-Khai$0$HTKT_TN_D300,26.300,0.000,0.000,0.000,0.000
C8F9C0,AcDbPolyline,XR TNT$0$Xr-TNT-Khai$0$HTKT_TN_D300,17.300,0.000,0.000,0.000,0.000
C8F9C1,AcDbPolyline,XR TNT$0$Xr-TNT-Khai$0$HTKT_TN_D300,19.876,0.000,0.000,0.000,0.000
C8F9C2,AcDbPolyline,XR TNT$0$Xr-TNT-Khai$0$HTKT_TN_D300,19.010,0.000,0.000,0.000,0.000
C8F9C3,AcDbPolyline,XR TNT$0$Xr-TNT-Khai$0$HTKT_TN_D300,29.610,0.000,0.000,0.000,0.000
C8F9C4,AcDbPolyline,XR TNT$0$Xr-TNT-Khai$0$HTKT_TN_D300,26.300,0.000,0.000,0.000,0.000
C8F9C5,AcDbPolyline,XR TNT$0$Xr-TNT-Khai$0$HTKT_TN_D300,26.300,0.000,0.000,0.000,0.000
C8F9C6,AcDbPolyline,XR TNT$0$Xr-TNT-Khai$0$HTKT_TN_D300,26.263,0.000,0.000,0.000,0.000
C8F9C7,AcDbPolyline,XR TNT$0$Xr-TNT-Khai$0$HTKT_TN_D300,26.300,0.000,0.000,0.000,0.000
C8F9C8,AcDbPolyline,XR TNT$0$Xr-TNT-Khai$0$HTKT_TN_D300,26.300,0.000,0.000,0.000,0.000
C8F9C9,AcDbPolyline,XR TNT$0$Xr-TNT-Khai$0$HTKT_TN_D300,26.300,0.000,0.000,0.000,0.000
C8F9CA,AcDbPolyline,XR TNT$0$Xr-TNT-Khai$0$HTKT_TN_D300,15.815,0.000,0.000,0.000,0.000
C8F9CB,AcDbPolyline,XR TNT$0$Xr-TNT-Khai$0$HTKT_TN_D300,21.383,0.000,0.000,0.000,0.000
C8F9CC,AcDbPolyline,XR TNT$0$Xr-TNT-Khai$0$HTKT_TN_D300,21.316,0.000,0.000,0.000,0.000
C8F9CD,AcDbPolyline,XR TNT$0$Xr-TNT-Khai$0$HTKT_TN_D300,15.531,0.000,0.000,0.000,0.000
C8F9CE,AcDbPolyline,XR TNT$0$Xr-TNT-Khai$0$HTKT_TN_D300,26.300,0.000,0.000,0.000,0.000
C8F9CF,AcDbPolyline,XR TNT$0$Xr-TNT-Khai$0$HTKT_TN_D300,26.300,0.000,0.000,0.000,0.000
C8F9D0,AcDbPolyline,XR TNT$0$Xr-TNT-Khai$0$HTKT_TN_D300,26.300,0.000,0.000,0.000,0.000
C8F9D1,AcDbPolyline,dim 300 ngang duong,11.506,0.000,0.000,0.000,0.000
C8F9D2,AcDbPolyline,dim 300 ngang duong,13.311,0.000,0.000,0.000,0.000
C8F9D3,AcDbPolyline,dim 300 ngang duong,10.269,0.000,0.000,0.000,0.000
C8F9D4,AcDbPolyline,dim 300 ngang duong,10.304,0.000,0.000,0.000,0.000
C8F9D5,AcDbPolyline,XR TNT$0$Xr-TNT-Khai$0$HTKT_TN_D300,25.300,0.000,0.000,0.000,0.000
C8F9D6,AcDbPolyline,XR TNT$0$Xr-TNT-Khai$0$HTKT_TN_D300,22.525,0.000,0.000,0.000,0.000
C8F9D7,AcDbPolyline,XR TNT$0$Xr-TNT-Khai$0$HTKT_TN_D300,30.157,0.000,0.000,0.000,0.000
C8F9D8,AcDbPolyline,XR TNT$0$Xr-TNT-Khai$0$HTKT_TN_D300,19.300,0.000,0.000,0.000,0.000
C8F9D9,AcDbPolyline,XR TNT$0$Xr-TNT-Khai$0$HTKT_TN_D300,25.293,0.000,0.000,0.000,0.000
C8F9DA,AcDbPolyline,XR TNT$0$Xr-TNT-Khai$0$HTKT_TN_D300,23.300,0.000,0.000,0.000,0.000
C8F9DB,AcDbPolyline,XR TNT$0$Xr-TNT-Khai$0$HTKT_TN_D300,23.300,0.000,0.000,0.000,0.000
C8F9DC,AcDbPolyline,XR TNT$0$Xr-TNT-Khai$0$HTKT_TN_D300,23.300,0.000,0.000,0.000,0.000
C8F9DD,AcDbPolyline,XR TNT$0$Xr-TNT-Khai$0$HTKT_TN_D300,15.301,0.000,0.000,0.000,0.000
C8F9DE,AcDbPolyline,XR TNT$0$Xr-TNT-Khai$0$HTKT_TN_D300,13.209,0.000,0.000,0.000,0.000
C8F9DF,AcDbPolyline,XR TNT$0$Xr-TNT-Khai$0$HTKT_TN_D300,23.942,0.000,0.000,0.000,0.000
C8F9E0,AcDbPolyline,XR TNT$0$Xr-TNT-Khai$0$HTKT_TN_D300,23.752,0.000,0.000,0.000,0.000
C8F9E1,AcDbPolyline,XR TNT$0$Xr-TNT-Khai$0$HTKT_TN_D300,12.876,0.000,0.000,0.000,0.000
C8F9E2,AcDbPolyline,XR TNT$0$Xr-TNT-Khai$0$HTKT_TN_D300,15.301,0.000,0.000,0.000,0.000
C8F9E3,AcDbPolyline,XR TNT$0$Xr-TNT-Khai$0$HTKT_TN_D300,23.300,0.000,0.000,0.000,0.000
C8F9E4,AcDbPolyline,XR TNT$0$Xr-TNT-Khai$0$HTKT_TN_D300,23.300,0.000,0.000,0.000,0.000
C8F9E5,AcDbPolyline,XR TNT$0$Xr-TNT-Khai$0$HTKT_TN_D300,23.394,0.000,0.000,0.000,0.000
C8F9E6,AcDbPolyline,XR TNT$0$Xr-TNT-Khai$0$HTKT_TN_D300,23.300,0.000,0.000,0.000,0.000
C8F9E7,AcDbPolyline,XR TNT$0$Xr-TNT-Khai$0$HTKT_TN_D300,23.300,0.000,0.000,0.000,0.000
C8F9E8,AcDbPolyline,XR TNT$0$Xr-TNT-Khai$0$HTKT_TN_D300,23.300,0.000,0.000,0.000,0.000
C8F9E9,AcDbPolyline,XR TNT$0$Xr-TNT-Khai$0$HTKT_TN_D300,15.300,0.000,0.000,0.000,0.000
C8F9EA,AcDbPolyline,XR TNT$0$Xr-TNT-Khai$0$HTKT_TN_D300,13.478,0.000,0.000,0.000,0.000
C8F9EB,AcDbPolyline,XR TNT$0$Xr-TNT-Khai$0$HTKT_TN_D300,23.972,0.000,0.000,0.000,0.000
C8F9EC,AcDbPolyline,XR TNT$0$Xr-TNT-Khai$0$HTKT_TN_D300,0.000,0.000,0.000,0.000,0.000
C8F9ED,AcDbPolyline,XR TNT$0$Xr-TNT-Khai$0$HTKT_TN_D300,23.903,0.000,0.000,0.000,0.000
C8F9EE,AcDbPolyline,XR TNT$0$Xr-TNT-Khai$0$HTKT_TN_D300,12.937,0.000,0.000,0.000,0.000
C8F9EF,AcDbPolyline,XR TNT$0$Xr-TNT-Khai$0$HTKT_TN_D300,15.301,0.000,0.000,0.000,0.000
C8F9F0,AcDbPolyline,XR TNT$0$Xr-TNT-Khai$0$HTKT_TN_D300,23.300,0.000,0.000,0.000,0.000
C8F9F1,AcDbPolyline,XR TNT$0$Xr-TNT-Khai$0$HTKT_TN_D300,23.309,0.000,0.000,0.000,0.000
C8F9F2,AcDbPolyline,XR TNT$0$Xr-TNT-Khai$0$HTKT_TN_D300,23.394,0.000,0.000,0.000,0.000
C8F9F3,AcDbPolyline,XR TNT$0$Xr-TNT-Khai$0$HTKT_TN_D300,23.300,0.000,0.000,0.000,0.000
C8F9F4,AcDbPolyline,XR TNT$0$Xr-TNT-Khai$0$HTKT_TN_D300,23.300,0.000,0.000,0.000,0.000
C8F9F5,AcDbPolyline,XR TNT$0$Xr-TNT-Khai$0$HTKT_TN_D300,23.300,0.000,0.000,0.000,0.000
C8F9F6,AcDbPolyline,XR TNT$0$Xr-TNT-Khai$0$HTKT_TN_D300,15.301,0.000,0.000,0.000,0.000
C8F9F7,AcDbPolyline,XR TNT$0$Xr-TNT-Khai$0$HTKT_TN_D300,13.205,0.000,0.000,0.000,0.000
C8F9F8,AcDbPolyline,XR TNT$0$Xr-TNT-Khai$0$HTKT_TN_D300,23.946,0.000,0.000,0.000,0.000
C8F9F9,AcDbPolyline,XR TNT$0$Xr-TNT-Khai$0$HTKT_TN_D300,23.733,0.000,0.000,0.000,0.000
C8F9FA,AcDbPolyline,XR TNT$0$Xr-TNT-Khai$0$HTKT_TN_D300,12.930,0.000,0.000,0.000,0.000
C8F9FB,AcDbPolyline,XR TNT$0$Xr-TNT-Khai$0$HTKT_TN_D300,15.294,0.000,0.000,0.000,0.000
C8F9FC,AcDbPolyline,XR TNT$0$Xr-TNT-Khai$0$HTKT_TN_D300,23.300,0.000,0.000,0.000,0.000
C8F9FD,AcDbPolyline,XR TNT$0$Xr-TNT-Khai$0$HTKT_TN_D300,23.300,0.000,0.000,0.000,0.000
C8F9FE,AcDbPolyline,XR TNT$0$Xr-TNT-Khai$0$HTKT_TN_D300,23.300,0.000,0.000,0.000,0.000
C8F9FF,AcDbPolyline,dim 300 ngang duong,10.304,0.000,0.000,0.000,0.000
C8FA00,AcDbPolyline,dim 300 ngang duong,10.304,0.000,0.000,0.000,0.000
C8FA01,AcDbPolyline,dim 300 ngang duong,10.304,0.000,0.000,0.000,0.000
C8FA02,AcDbPolyline,dim 300 ngang duong,10.293,0.000,0.000,0.000,0.000
C8FA03,AcDbPolyline,XR TNT$0$Xr-TNT-Khai$0$HTKT_TN_D300,23.300,0.000,0.000,0.000,0.000
C8FA04,AcDbPolyline,XR TNT$0$Xr-TNT-Khai$0$HTKT_TN_D300,23.300,0.000,0.000,0.000,0.000
C8FA05,AcDbPolyline,XR TNT$0$Xr-TNT-Khai$0$HTKT_TN_D300,23.300,0.000,0.000,0.000,0.000
C8FA06,AcDbPolyline,XR TNT$0$Xr-TNT-Khai$0$HTKT_TN_D300,15.301,0.000,0.000,0.000,0.000
C8FA07,AcDbPolyline,XR TNT$0$Xr-TNT-Khai$0$HTKT_TN_D300,13.230,0.000,0.000,0.000,0.000
C8FA08,AcDbPolyline,XR TNT$0$Xr-TNT-Khai$0$HTKT_TN_D300,23.920,0.000,0.000,0.000,0.000
C8FA09,AcDbPolyline,XR TNT$0$Xr-TNT-Khai$0$HTKT_TN_D300,21.130,0.000,0.000,0.000,0.000
C8FA0A,AcDbPolyline,XR TNT$0$Xr-TNT-Khai$0$HTKT_TN_D300,15.530,0.000,0.000,0.000,0.000
C8FA0B,AcDbPolyline,XR TNT$0$Xr-TNT-Khai$0$HTKT_TN_D300,15.001,0.000,0.000,0.000,0.000
C8FA0C,AcDbPolyline,XR TNT$0$Xr-TNT-Khai$0$HTKT_TN_D300,23.300,0.000,0.000,0.000,0.000
C8FA0D,AcDbPolyline,XR TNT$0$Xr-TNT-Khai$0$HTKT_TN_D300,23.300,0.000,0.000,0.000,0.000
C8FA0E,AcDbPolyline,XR TNT$0$Xr-TNT-Khai$0$HTKT_TN_D300,23.300,0.000,0.000,0.000,0.000
C8FA0F,AcDbPolyline,XR TNT$0$Xr-TNT-Khai$0$HTKT_TN_D300,23.925,0.000,0.000,0.000,0.000
C8FA10,AcDbPolyline,XR TNT$0$Xr-TNT-Khai$0$HTKT_TN_D300,17.420,0.000,0.000,0.000,0.000
C8FA11,AcDbPolyline,XR TNT$0$Xr-TNT-Khai$0$HTKT_TN_D300,29.699,0.000,0.000,0.000,0.000
C8FA12,AcDbPolyline,XR TNT$0$Xr-TNT-Khai$0$HTKT_TN_D300,32.000,0.000,0.000,0.000,0.000
C8FA13,AcDbPolyline,XR TNT$0$Xr-TNT-Khai$0$HTKT_TN_D300,27.000,0.000,0.000,0.000,0.000
C8FA14,AcDbPolyline,dim 300 ngang duong,25.235,0.000,0.000,0.000,0.000
C8FA15,AcDbPolyline,dim 300 ngang duong,35.891,0.000,0.000,0.000,0.000
C8FA16,AcDbPolyline,dim 300 ngang duong,10.308,0.000,0.000,0.000,0.000
C8FA17,AcDbPolyline,dim 300 ngang duong,12.407,0.000,0.000,0.000,0.000
C8FA18,AcDbPolyline,dim 300 ngang duong,16.344,0.000,0.000,0.000,0.000
C8FA19,AcDbPolyline,dim 300 ngang duong,32.560,0.000,0.000,0.000,0.000
C8FA1A,AcDbPolyline,XR TNT$0$Xr-TNT-Khai$0$HTKT_TN_D300,28.995,0.000,0.000,0.000,0.000
C8FA1B,AcDbPolyline,XR TNT$0$Xr-TNT-Khai$0$HTKT_TN_D300,27.576,0.000,0.000,0.000,0.000
C8FA1C,AcDbPolyline,dim 300 ngang duong,19.313,0.000,0.000,0.000,0.000
C8FA1D,AcDbPolyline,dim 300 ngang duong,16.642,0.000,0.000,0.000,0.000
C8FA1E,AcDbPolyline,XR TNT$0$Xr-TNT-Khai$0$HTKT_TN_D300,23.394,0.000,0.000,0.000,0.000
C8FA1F,AcDbPolyline,XR TNT$0$Xr-TNT-Khai$0$HTKT_TN_D300,23.300,0.000,0.000,0.000,0.000
C8FA20,AcDbPolyline,XR TNT$0$Xr-TNT-Khai$0$HTKT_TN_D300,23.300,0.000,0.000,0.000,0.000
C8FA21,AcDbPolyline,XR TNT$0$Xr-TNT-Khai$0$HTKT_TN_D300,15.301,0.000,0.000,0.000,0.000
C8FA22,AcDbPolyline,XR TNT$0$Xr-TNT-Khai$0$HTKT_TN_D300,12.909,0.000,0.000,0.000,0.000
C8FA23,AcDbPolyline,XR TNT$0$Xr-TNT-Khai$0$HTKT_TN_D300,36.389,0.000,0.000,0.000,0.000
C8FA24,AcDbPolyline,XR TNT$0$Xr-TNT-Khai$0$HTKT_TN_D300,27.624,0.000,0.000,0.000,0.000
C8FA25,AcDbPolyline,XR TNT$0$Xr-TNT-Khai$0$HTKT_TN_D300,23.000,0.000,0.000,0.000,0.000
C8FA26,AcDbPolyline,XR TNT$0$Xr-TNT-Khai$0$HTKT_TN_D300,23.000,0.000,0.000,0.000,0.000
C8FA27,AcDbPolyline,XR TNT$0$Xr-TNT-Khai$0$HTKT_TN_D300,23.000,0.000,0.000,0.000,0.000
C8FA28,AcDbPolyline,XR TNT$0$Xr-TNT-Khai$0$HTKT_TN_D300,27.630,0.000,0.000,0.000,0.000
C8FA29,AcDbPolyline,dim 300 ngang duong,33.797,0.000,0.000,0.000,0.000
C8FA2A,AcDbPolyline,dim 300 ngang duong,11.405,0.000,0.000,0.000,0.000
C8FA2B,AcDbPolyline,dim 300 ngang duong,10.532,0.000,0.000,0.000,0.000
C8FA2C,AcDbPolyline,dim 300 ngang duong,10.464,0.000,0.000,0.000,0.000
C8FA2D,AcDbPolyline,dim 300 ngang duong,10.402,0.000,0.000,0.000,0.000
C8FA2E,AcDbPolyline,dim 300 ngang duong,10.898,0.000,0.000,0.000,0.000
C8FA2F,AcDbPolyline,dim 300 ngang duong,10.449,0.000,0.000,0.000,0.000
C8FA30,AcDbPolyline,XR TNT$0$Xr-TNT-Khai$0$HTKT_TN_D300,27.300,0.000,0.000,0.000,0.000
C8FA31,AcDbPolyline,XR TNT$0$Xr-TNT-Khai$0$HTKT_TN_D300,22.300,0.000,0.000,0.000,0.000
C8FA32,AcDbPolyline,XR TNT$0$Xr-TNT-Khai$0$HTKT_TN_D300,25.300,0.000,0.000,0.000,0.000
C8FA33,AcDbPolyline,XR TNT$0$Xr-TNT-Khai$0$HTKT_TN_D300,14.301,0.000,0.000,0.000,0.000
C8FA34,AcDbPolyline,XR TNT$0$Xr-TNT-Khai$0$HTKT_TN_D300,16.030,0.000,0.000,0.000,0.000
C8FA35,AcDbPolyline,XR TNT$0$Xr-TNT-Khai$0$HTKT_TN_D300,28.751,0.000,0.000,0.000,0.000
C8FA36,AcDbPolyline,XR TNT$0$Xr-TNT-Khai$0$HTKT_TN_D300,19.301,0.000,0.000,0.000,0.000
C8FA37,AcDbPolyline,XR TNT$0$Xr-TNT-Khai$0$HTKT_TN_D300,25.300,0.000,0.000,0.000,0.000
C8FA38,AcDbPolyline,XR TNT$0$Xr-TNT-Khai$0$HTKT_TN_D300,22.300,0.000,0.000,0.000,0.000
C8FA39,AcDbPolyline,XR TNT$0$Xr-TNT-Khai$0$HTKT_TN_D300,27.300,0.000,0.000,0.000,0.000
C8FA3A,AcDbPolyline,XR TNT$0$Xr-TNT-Khai$0$HTKT_TN_D300,27.281,0.000,0.000,0.000,0.000
C8FA3B,AcDbPolyline,XR TNT$0$Xr-TNT-Khai$0$HTKT_TN_D300,22.324,0.000,0.000,0.000,0.000
C8FA3C,AcDbPolyline,XR TNT$0$Xr-TNT-Khai$0$HTKT_TN_D300,25.300,0.000,0.000,0.000,0.000
C8FA3D,AcDbPolyline,XR TNT$0$Xr-TNT-Khai$0$HTKT_TN_D300,21.757,0.000,0.000,0.000,0.000
C8FA3E,AcDbPolyline,XR TNT$0$Xr-TNT-Khai$0$HTKT_TN_D300,26.275,0.000,0.000,0.000,0.000
C8FA3F,AcDbPolyline,XR TNT$0$Xr-TNT-Khai$0$HTKT_TN_D300,23.616,0.000,0.000,0.000,0.000
C8FA40,AcDbPolyline,XR TNT$0$Xr-TNT-Khai$0$HTKT_TN_D300,25.300,0.000,0.000,0.000,0.000
C8FA41,AcDbPolyline,XR TNT$0$Xr-TNT-Khai$0$HTKT_TN_D300,22.300,0.000,0.000,0.000,0.000
C8FA42,AcDbPolyline,XR TNT$0$Xr-TNT-Khai$0$HTKT_TN_D300,27.300,0.000,0.000,0.000,0.000
C8FA43,AcDbPolyline,dim 300 ngang duong,31.132,0.000,0.000,0.000,0.000
C8FA44,AcDbPolyline,XR TNT$0$Xr-TNT-Khai$0$HTKT_TN_D300,18.950,0.000,0.000,0.000,0.000
C8FA45,AcDbPolyline,XR TNT$0$Xr-TNT-Khai$0$HTKT_TN_D300,25.000,0.000,0.000,0.000,0.000
C8FA46,AcDbPolyline,XR TNT$0$Xr-TNT-Khai$0$HTKT_TN_D300,24.997,0.000,0.000,0.000,0.000
C8FA47,AcDbPolyline,XR TNT$0$Xr-TNT-Khai$0$HTKT_TN_D300,28.781,0.000,0.000,0.000,0.000
C8FA48,AcDbPolyline,XR TNT$0$Xr-TNT-Khai$0$HTKT_TN_D300,12.358,0.000,0.000,0.000,0.000
C8FA49,AcDbPolyline,XR TNT$0$Xr-TNT-Khai$0$HTKT_TN_D300,23.143,0.000,0.000,0.000,0.000
C8FA4A,AcDbPolyline,XR TNT$0$Xr-TNT-Khai$0$HTKT_TN_D300,24.306,0.000,0.000,0.000,0.000
C8FA4B,AcDbPolyline,XR TNT$0$Xr-TNT-Khai$0$HTKT_TN_D300,25.300,0.000,0.000,0.000,0.000
C8FA4C,AcDbPolyline,XR TNT$0$Xr-TNT-Khai$0$HTKT_TN_D300,22.298,0.000,0.000,0.000,0.000
C8FA4D,AcDbPolyline,XR TNT$0$Xr-TNT-Khai$0$HTKT_TN_D300,27.300,0.000,0.000,0.000,0.000
C8FA4E,AcDbPolyline,dim 300 ngang duong,10.325,0.000,0.000,0.000,0.000
C8FA4F,AcDbPolyline,XR TNT$0$Xr-TNT-Khai$0$HTKT_TN_D300,19.676,0.000,0.000,0.000,0.000
C8FA50,AcDbPolyline,XR TNT$0$Xr-TNT-Khai$0$HTKT_TN_D300,27.300,0.000,0.000,0.000,0.000
C8FA51,AcDbPolyline,XR TNT$0$Xr-TNT-Khai$0$HTKT_TN_D300,23.800,0.000,0.000,0.000,0.000
C8FA52,AcDbPolyline,XR TNT$0$Xr-TNT-Khai$0$HTKT_TN_D300,23.800,0.000,0.000,0.000,0.000
C8FA53,AcDbPolyline,dim 300 ngang duong,12.755,0.000,0.000,0.000,0.000
C8FA54,AcDbPolyline,dim 300 ngang duong,10.385,0.000,0.000,0.000,0.000
C8FA55,AcDbPolyline,dim 300 ngang duong,11.396,0.000,0.000,0.000,0.000
C8FA56,AcDbPolyline,dim 300 ngang duong,11.439,0.000,0.000,0.000,0.000
C8FA57,AcDbPolyline,dim 300 ngang duong,11.508,0.000,0.000,0.000,0.000
C8FA58,AcDbPolyline,dim 300 ngang duong,11.427,0.000,0.000,0.000,0.000
C8FA59,AcDbPolyline,dim 300 ngang duong,16.287,0.000,0.000,0.000,0.000
C8FA5A,AcDbPolyline,dim 300 ngang duong,10.246,0.000,0.000,0.000,0.000
C8FA5B,AcDbPolyline,dim 300 ngang duong,10.591,0.000,0.000,0.000,0.000
C8FA5C,AcDbPolyline,dim 300 ngang duong,10.585,0.000,0.000,0.000,0.000
C8FA5D,AcDbPolyline,XR TNT$0$Xr-TNT-Khai$0$HTKT_TN_D300,32.978,0.000,0.000,0.000,0.000
C8FA5E,AcDbPolyline,XR TNT$0$Xr-TNT-Khai$0$HTKT_TN_D300,30.000,0.000,0.000,0.000,0.000
C8FA5F,AcDbPolyline,XR TNT$0$Xr-TNT-Khai$0$HTKT_TN_D300,27.300,0.000,0.000,0.000,0.000
C8FA60,AcDbPolyline,XR TNT$0$Xr-TNT-Khai$0$HTKT_TN_D300,27.319,0.000,0.000,0.000,0.000
C8FA61,AcDbPolyline,XR TNT$0$Xr-TNT-Khai$0$HTKT_TN_D300,28.076,0.000,0.000,0.000,0.000
C8FA62,AcDbPolyline,XR TNT$0$Xr-TNT-Khai$0$HTKT_TN_D300,24.724,0.000,0.000,0.000,0.000
C8FA63,AcDbPolyline,XR TNT$0$Xr-TNT-Khai$0$HTKT_TN_D300,20.406,0.000,0.000,0.000,0.000
C8FA64,AcDbPolyline,XR TNT$0$Xr-TNT-Khai$0$HTKT_TN_D300,31.594,0.000,0.000,0.000,0.000
C8FA65,AcDbPolyline,XR TNT$0$Xr-TNT-Khai$0$HTKT_TN_D300,18.686,0.000,0.000,0.000,0.000
C8FA66,AcDbPolyline,XR TNT$0$Xr-TNT-Khai$0$HTKT_TN_D300,32.544,0.000,0.000,0.000,0.000
C8FA67,AcDbPolyline,XR TNT$0$Xr-TNT-Khai$0$HTKT_TN_D300,25.000,0.000,0.000,0.000,0.000
C8FA68,AcDbPolyline,XR TNT$0$Xr-TNT-Khai$0$HTKT_TN_D300,24.000,0.000,0.000,0.000,0.000
C8FA69,AcDbPolyline,dim 300 ngang duong,36.500,0.000,0.000,0.000,0.000
C8FA6A,AcDbPolyline,XR TNT$0$Xr-TNT-Khai$0$HTKT_TN_D300,24.000,0.000,0.000,0.000,0.000
C8FA6B,AcDbPolyline,XR TNT$0$Xr-TNT-Khai$0$HTKT_TN_D300,25.000,0.000,0.000,0.000,0.000
C8FA6C,AcDbPolyline,XR TNT$0$Xr-TNT-Khai$0$HTKT_TN_D300,30.515,0.000,0.000,0.000,0.000
C8FA6D,AcDbPolyline,XR TNT$0$Xr-TNT-Khai$0$HTKT_TN_D300,30.693,0.000,0.000,0.000,0.000
C8FA6E,AcDbPolyline,dim 300 ngang duong,23.899,0.000,0.000,0.000,0.000
C8FA6F,AcDbPolyline,XR TNT$0$Xr-TNT-Khai$0$HTKT_TN_D300,29.300,0.000,0.000,0.000,0.000
C8FA70,AcDbPolyline,XR TNT$0$Xr-TNT-Khai$0$HTKT_TN_D300,29.300,0.000,0.000,0.000,0.000
C8FA71,AcDbPolyline,XR TNT$0$Xr-TNT-Khai$0$HTKT_TN_D300,32.115,0.000,0.000,0.000,0.000
C8FA72,AcDbPolyline,XR TNT$0$Xr-TNT-Khai$0$HTKT_TN_D300,30.300,0.000,0.000,0.000,0.000
C8FA73,AcDbPolyline,XR TNT$0$Xr-TNT-Khai$0$HTKT_TN_D300,24.300,0.000,0.000,0.000,0.000
C8FA74,AcDbPolyline,XR TNT$0$Xr-TNT-Khai$0$HTKT_TN_D300,25.300,0.000,0.000,0.000,0.000
C8FA75,AcDbPolyline,XR TNT$0$Xr-TNT-Khai$0$HTKT_TN_D300,28.737,0.000,0.000,0.000,0.000
C8FA76,AcDbPolyline,XR TNT$0$Xr-TNT-Khai$0$HTKT_TN_D300,36.229,0.000,0.000,0.000,0.000
C8FA77,AcDbPolyline,XR TNT$0$Xr-TNT-Khai$0$HTKT_TN_D300,25.300,0.000,0.000,0.000,0.000
C8FA78,AcDbPolyline,XR TNT$0$Xr-TNT-Khai$0$HTKT_TN_D300,21.095,0.000,0.000,0.000,0.000
C8FA79,AcDbPolyline,XR TNT$0$Xr-TNT-Khai$0$HTKT_TN_D300,30.642,0.000,0.000,0.000,0.000
C8FA7A,AcDbPolyline,XR TNT$0$Xr-TNT-Khai$0$HTKT_TN_D300,19.300,0.000,0.000,0.000,0.000
C8FA7B,AcDbPolyline,XR TNT$0$Xr-TNT-Khai$0$HTKT_TN_D300,25.300,0.000,0.000,0.000,0.000
C8FA7C,AcDbPolyline,dim 300 ngang duong,10.343,0.000,0.000,0.000,0.000
C8FA7D,AcDbPolyline,dim 300 ngang duong,25.422,0.000,0.000,0.000,0.000
C8FA7E,AcDbPolyline,XR TNT$0$Xr-TNT-Khai$0$HTKT_TN_D300,26.089,0.000,0.000,0.000,0.000
C8FA7F,AcDbPolyline,XR TNT$0$Xr-TNT-Khai$0$HTKT_TN_D300,25.900,0.000,0.000,0.000,0.000
C8FA80,AcDbPolyline,XR TNT$0$Xr-TNT-Khai$0$HTKT_TN_D300,26.342,0.000,0.000,0.000,0.000
C8FA81,AcDbPolyline,XR TNT$0$Xr-TNT-Khai$0$HTKT_TN_D300,24.345,0.000,0.000,0.000,0.000
C8FA82,AcDbPolyline,XR TNT$0$Xr-TNT-Khai$0$HTKT_TN_D300,27.970,0.000,0.000,0.000,0.000
C8FA83,AcDbPolyline,dim 300 ngang duong,24.838,0.000,0.000,0.000,0.000
C8FA84,AcDbPolyline,XR TNT$0$Xr-TNT-Khai$0$HTKT_TN_D300,25.300,0.000,0.000,0.000,0.000
C8FA85,AcDbPolyline,XR TNT$0$Xr-TNT-Khai$0$HTKT_TN_D300,22.794,0.000,0.000,0.000,0.000
C8FA86,AcDbPolyline,XR TNT$0$Xr-TNT-Khai$0$HTKT_TN_D300,19.088,0.000,0.000,0.000,0.000
C8FA87,AcDbPolyline,XR TNT$0$Xr-TNT-Khai$0$HTKT_TN_D300,29.989,0.000,0.000,0.000,0.000
C8FA88,AcDbPolyline,XR TNT$0$Xr-TNT-Khai$0$HTKT_TN_D300,25.300,0.000,0.000,0.000,0.000
C8FA89,AcDbPolyline,XR TNT$0$Xr-TNT-Khai$0$HTKT_TN_D300,27.300,0.000,0.000,0.000,0.000
C8FA8A,AcDbPolyline,XR TNT$0$Xr-TNT-Khai$0$HTKT_TN_D300,22.303,0.000,0.000,0.000,0.000
C8FA8B,AcDbPolyline,XR TNT$0$Xr-TNT-Khai$0$HTKT_TN_D300,25.250,0.000,0.000,0.000,0.000
C8FA8C,AcDbPolyline,XR TNT$0$Xr-TNT-Khai$0$HTKT_TN_D300,24.001,0.000,0.000,0.000,0.000
C8FA8D,AcDbPolyline,XR TNT$0$Xr-TNT-Khai$0$HTKT_TN_D300,34.655,0.000,0.000,0.000,0.000
C8FA8E,AcDbPolyline,XR TNT$0$Xr-TNT-Khai$0$HTKT_TN_D300,24.303,0.000,0.000,0.000,0.000
C8FA8F,AcDbPolyline,XR TNT$0$Xr-TNT-Khai$0$HTKT_TN_D300,25.285,0.000,0.000,0.000,0.000
C8FA90,AcDbPolyline,XR TNT$0$Xr-TNT-Khai$0$HTKT_TN_D300,25.300,0.000,0.000,0.000,0.000
C8FA91,AcDbPolyline,XR TNT$0$Xr-TNT-Khai$0$HTKT_TN_D300,24.300,0.000,0.000,0.000,0.000
C8FA92,AcDbPolyline,dim 300 ngang duong,21.547,0.000,0.000,0.000,0.000
C8FA93,AcDbPolyline,XR TNT$0$Xr-TNT-Khai$0$HTKT_TN_D300,23.300,0.000,0.000,0.000,0.000
C8FA94,AcDbPolyline,XR TNT$0$Xr-TNT-Khai$0$HTKT_TN_D300,23.300,0.000,0.000,0.000,0.000
C8FA95,AcDbPolyline,XR TNT$0$Xr-TNT-Khai$0$HTKT_TN_D300,23.300,0.000,0.000,0.000,0.000
C8FA96,AcDbPolyline,XR TNT$0$Xr-TNT-Khai$0$HTKT_TN_D300,15.300,0.000,0.000,0.000,0.000
C8FA97,AcDbPolyline,XR TNT$0$Xr-TNT-Khai$0$HTKT_TN_D300,15.471,0.000,0.000,0.000,0.000
C8FA98,AcDbPolyline,XR TNT$0$Xr-TNT-Khai$0$HTKT_TN_D300,21.484,0.000,0.000,0.000,0.000
C8FA99,AcDbPolyline,XR TNT$0$Xr-TNT-Khai$0$HTKT_TN_D300,23.641,0.000,0.000,0.000,0.000
C8FA9A,AcDbPolyline,XR TNT$0$Xr-TNT-Khai$0$HTKT_TN_D300,13.343,0.000,0.000,0.000,0.000
C8FA9B,AcDbPolyline,XR TNT$0$Xr-TNT-Khai$0$HTKT_TN_D300,15.002,0.000,0.000,0.000,0.000
C8FA9C,AcDbPolyline,XR TNT$0$Xr-TNT-Khai$0$HTKT_TN_D300,23.300,0.000,0.000,0.000,0.000
C8FA9D,AcDbPolyline,XR TNT$0$Xr-TNT-Khai$0$HTKT_TN_D300,23.300,0.000,0.000,0.000,0.000
C8FA9E,AcDbPolyline,XR TNT$0$Xr-TNT-Khai$0$HTKT_TN_D300,23.303,0.000,0.000,0.000,0.000
C8FA9F,AcDbPolyline,XR TNT$0$Xr-TNT-Khai$0$HTKT_TN_D300,22.300,0.000,0.000,0.000,0.000
C8FAA0,AcDbPolyline,XR TNT$0$Xr-TNT-Khai$0$HTKT_TN_D300,22.300,0.000,0.000,0.000,0.000
C8FAA1,AcDbPolyline,XR TNT$0$Xr-TNT-Khai$0$HTKT_TN_D300,25.300,0.000,0.000,0.000,0.000
C8FAA2,AcDbPolyline,XR TNT$0$Xr-TNT-Khai$0$HTKT_TN_D300,19.301,0.000,0.000,0.000,0.000
C8FAA3,AcDbPolyline,XR TNT$0$Xr-TNT-Khai$0$HTKT_TN_D300,17.445,0.000,0.000,0.000,0.000
C8FAA4,AcDbPolyline,XR TNT$0$Xr-TNT-Khai$0$HTKT_TN_D300,27.735,0.000,0.000,0.000,0.000
C8FAA5,AcDbPolyline,XR TNT$0$Xr-TNT-Khai$0$HTKT_TN_D300,17.255,0.000,0.000,0.000,0.000
C8FAA6,AcDbPolyline,XR TNT$0$Xr-TNT-Khai$0$HTKT_TN_D300,19.301,0.000,0.000,0.000,0.000
C8FAA7,AcDbPolyline,XR TNT$0$Xr-TNT-Khai$0$HTKT_TN_D300,25.300,0.000,0.000,0.000,0.000
C8FAA8,AcDbPolyline,XR TNT$0$Xr-TNT-Khai$0$HTKT_TN_D300,22.300,0.000,0.000,0.000,0.000
C8FAA9,AcDbPolyline,XR TNT$0$Xr-TNT-Khai$0$HTKT_TN_D300,22.344,0.000,0.000,0.000,0.000
C8FAAA,AcDbPolyline,XR TNT$0$Xr-TNT-Khai$0$HTKT_TN_D300,27.300,0.000,0.000,0.000,0.000
C8FAAB,AcDbPolyline,XR TNT$0$Xr-TNT-Khai$0$HTKT_TN_D300,22.300,0.000,0.000,0.000,0.000
C8FAAC,AcDbPolyline,XR TNT$0$Xr-TNT-Khai$0$HTKT_TN_D300,30.300,0.000,0.000,0.000,0.000
C8FAAD,AcDbPolyline,XR TNT$0$Xr-TNT-Khai$0$HTKT_TN_D300,27.315,0.000,0.000,0.000,0.000
C8FAAE,AcDbPolyline,XR TNT$0$Xr-TNT-Khai$0$HTKT_TN_D300,27.113,0.000,0.000,0.000,0.000
C8FAAF,AcDbPolyline,XR TNT$0$Xr-TNT-Khai$0$HTKT_TN_D300,27.858,0.000,0.000,0.000,0.000
C8FAB0,AcDbPolyline,XR TNT$0$Xr-TNT-Khai$0$HTKT_TN_D300,30.300,0.000,0.000,0.000,0.000
C8FAB1,AcDbPolyline,XR TNT$0$Xr-TNT-Khai$0$HTKT_TN_D300,22.300,0.000,0.000,0.000,0.000
C8FAB2,AcDbPolyline,XR TNT$0$Xr-TNT-Khai$0$HTKT_TN_D300,27.300,0.000,0.000,0.000,0.000
C8FAB3,AcDbPolyline,dim 300 ngang duong,35.497,0.000,0.000,0.000,0.000
C8FAB4,AcDbPolyline,dim 300 ngang duong,33.453,0.000,0.000,0.000,0.000
C8FAB5,AcDbPolyline,dim 300 ngang duong,15.648,0.000,0.000,0.000,0.000
C8FAB6,AcDbPolyline,XR TNT$0$Xr-TNT-Khai$0$HTKT_TN_D300,33.067,0.000,0.000,0.000,0.000
C8FAB7,AcDbPolyline,dim 300 ngang duong,19.162,0.000,0.000,0.000,0.000
C8FAB8,AcDbPolyline,XR TNT$0$Xr-TNT-Khai$0$HTKT_TN_D300,25.300,0.000,0.000,0.000,0.000
C8FAB9,AcDbPolyline,XR TNT$0$Xr-TNT-Khai$0$HTKT_TN_D300,21.290,0.000,0.000,0.000,0.000
C8FABA,AcDbPolyline,XR TNT$0$Xr-TNT-Khai$0$HTKT_TN_D300,18.330,0.000,0.000,0.000,0.000
C8FABB,AcDbPolyline,XR TNT$0$Xr-TNT-Khai$0$HTKT_TN_D300,31.996,0.000,0.000,0.000,0.000
C8FABC,AcDbPolyline,XR TNT$0$Xr-TNT-Khai$0$HTKT_TN_D300,25.300,0.000,0.000,0.000,0.000
C8FABD,AcDbPolyline,XR TNT$0$Xr-TNT-Khai$0$HTKT_TN_D300,25.300,0.000,0.000,0.000,0.000
C8FABE,AcDbPolyline,XR TNT$0$Xr-TNT-Khai$0$HTKT_TN_D300,21.341,0.000,0.000,0.000,0.000
C8FABF,AcDbPolyline,XR TNT$0$Xr-TNT-Khai$0$HTKT_TN_D300,29.083,0.000,0.000,0.000,0.000
C8FAC0,AcDbPolyline,XR TNT$0$Xr-TNT-Khai$0$HTKT_TN_D300,21.291,0.000,0.000,0.000,0.000
C8FAC1,AcDbPolyline,XR TNT$0$Xr-TNT-Khai$0$HTKT_TN_D300,25.300,0.000,0.000,0.000,0.000
C8FAC2,AcDbPolyline,XR TNT$0$Xr-TNT-Khai$0$HTKT_TN_D300,30.300,0.000,0.000,0.000,0.000
C8FAC3,AcDbPolyline,XR TNT$0$Xr-TNT-Khai$0$HTKT_TN_D300,19.312,0.000,0.000,0.000,0.000
C8FAC4,AcDbPolyline,XR TNT$0$Xr-TNT-Khai$0$HTKT_TN_D300,30.300,0.000,0.000,0.000,0.000
C8FAC5,AcDbPolyline,XR TNT$0$Xr-TNT-Khai$0$HTKT_TN_D300,27.502,0.000,0.000,0.000,0.000
C8FAC6,AcDbPolyline,XR TNT$0$Xr-TNT-Khai$0$HTKT_TN_D300,27.581,0.000,0.000,0.000,0.000
C8FAC7,AcDbPolyline,XR TNT$0$Xr-TNT-Khai$0$HTKT_TN_D300,27.041,0.000,0.000,0.000,0.000
C8FAC8,AcDbPolyline,XR TNT$0$Xr-TNT-Khai$0$HTKT_TN_D300,30.300,0.000,0.000,0.000,0.000
C8FAC9,AcDbPolyline,XR TNT$0$Xr-TNT-Khai$0$HTKT_TN_D300,24.300,0.000,0.000,0.000,0.000
C8FACA,AcDbPolyline,XR TNT$0$Xr-TNT-Khai$0$HTKT_TN_D300,25.300,0.000,0.000,0.000,0.000
C8FACB,AcDbPolyline,XR TNT$0$Xr-TNT-Khai$0$HTKT_TN_D300,23.763,0.000,0.000,0.000,0.000
C8FACC,AcDbPolyline,XR TNT$0$Xr-TNT-Khai$0$HTKT_TN_D300,30.800,0.000,0.000,0.000,0.000
C8FACD,AcDbPolyline,XR TNT$0$Xr-TNT-Khai$0$HTKT_TN_D300,27.300,0.000,0.000,0.000,0.000
C8FACE,AcDbPolyline,dim 300 ngang duong,10.670,0.000,0.000,0.000,0.000
C8FACF,AcDbPolyline,dim 300 ngang duong,10.226,0.000,0.000,0.000,0.000
C8FAD0,AcDbPolyline,XR TNT$0$Xr-TNT-Khai$0$HTKT_TN_D300,24.300,0.000,0.000,0.000,0.000
C8FAD1,AcDbPolyline,XR TNT$0$Xr-TNT-Khai$0$HTKT_TN_D300,25.300,0.000,0.000,0.000,0.000
C8FAD2,AcDbPolyline,XR TNT$0$Xr-TNT-Khai$0$HTKT_TN_D300,24.300,0.000,0.000,0.000,0.000
C8FAD3,AcDbPolyline,XR TNT$0$Xr-TNT-Khai$0$HTKT_TN_D300,14.008,0.000,0.000,0.000,0.000
C8FAD4,AcDbPolyline,XR TNT$0$Xr-TNT-Khai$0$HTKT_TN_D300,39.629,0.000,0.000,0.000,0.000
C8FAD5,AcDbPolyline,XR TNT$0$Xr-TNT-Khai$0$HTKT_TN_D300,14.301,0.000,0.000,0.000,0.000
C8FAD6,AcDbPolyline,XR TNT$0$Xr-TNT-Khai$0$HTKT_TN_D300,24.321,0.000,0.000,0.000,0.000
C8FAD7,AcDbPolyline,XR TNT$0$Xr-TNT-Khai$0$HTKT_TN_D300,25.300,0.000,0.000,0.000,0.000
C8FAD8,AcDbPolyline,XR TNT$0$Xr-TNT-Khai$0$HTKT_TN_D300,24.300,0.000,0.000,0.000,0.000
C8FAD9,AcDbPolyline,XR TNT$0$Xr-TNT-Khai$0$HTKT_TN_D300,26.300,0.000,0.000,0.000,0.000
C8FADA,AcDbPolyline,XR TNT$0$Xr-TNT-Khai$0$HTKT_TN_D300,26.300,0.000,0.000,0.000,0.000
C8FADB,AcDbPolyline,XR TNT$0$Xr-TNT-Khai$0$HTKT_TN_D300,17.300,0.000,0.000,0.000,0.000
C8FADC,AcDbPolyline,XR TNT$0$Xr-TNT-Khai$0$HTKT_TN_D300,18.522,0.000,0.000,0.000,0.000
C8FADD,AcDbPolyline,XR TNT$0$Xr-TNT-Khai$0$HTKT_TN_D300,19.170,0.000,0.000,0.000,0.000
C8FADE,AcDbPolyline,XR TNT$0$Xr-TNT-Khai$0$HTKT_TN_D300,22.541,0.000,0.000,0.000,0.000
C8FADF,AcDbPolyline,XR TNT$0$Xr-TNT-Khai$0$HTKT_TN_D300,15.577,0.000,0.000,0.000,0.000
C8FAE0,AcDbPolyline,XR TNT$0$Xr-TNT-Khai$0$HTKT_TN_D300,17.300,0.000,0.000,0.000,0.000
C8FAE1,AcDbPolyline,XR TNT$0$Xr-TNT-Khai$0$HTKT_TN_D300,26.300,0.000,0.000,0.000,0.000
C8FAE2,AcDbPolyline,XR TNT$0$Xr-TNT-Khai$0$HTKT_TN_D300,26.300,0.000,0.000,0.000,0.000
C8FAE3,AcDbPolyline,XR TNT$0$Xr-TNT-Khai$0$HTKT_TN_D300,26.300,0.000,0.000,0.000,0.000
C8FAE4,AcDbPolyline,XR TNT$0$Xr-TNT-Khai$0$HTKT_TN_D300,26.300,0.000,0.000,0.000,0.000
C8FAE5,AcDbPolyline,XR TNT$0$Xr-TNT-Khai$0$HTKT_TN_D300,17.300,0.000,0.000,0.000,0.000
C8FAE6,AcDbPolyline,XR TNT$0$Xr-TNT-Khai$0$HTKT_TN_D300,15.583,0.000,0.000,0.000,0.000
C8FAE7,AcDbPolyline,XR TNT$0$Xr-TNT-Khai$0$HTKT_TN_D300,22.219,0.000,0.000,0.000,0.000
C8FAE8,AcDbPolyline,XR TNT$0$Xr-TNT-Khai$0$HTKT_TN_D300,19.192,0.000,0.000,0.000,0.000
C8FAE9,AcDbPolyline,XR TNT$0$Xr-TNT-Khai$0$HTKT_TN_D300,18.724,0.000,0.000,0.000,0.000
C8FAEA,AcDbPolyline,XR TNT$0$Xr-TNT-Khai$0$HTKT_TN_D300,17.300,0.000,0.000,0.000,0.000
C8FAEB,AcDbPolyline,XR TNT$0$Xr-TNT-Khai$0$HTKT_TN_D300,26.300,0.000,0.000,0.000,0.000
C8FAEC,AcDbPolyline,XR TNT$0$Xr-TNT-Khai$0$HTKT_TN_D300,26.300,0.000,0.000,0.000,0.000
C8FAED,AcDbPolyline,XR TNT$0$Xr-TNT-Khai$0$HTKT_TN_D300,26.326,0.000,0.000,0.000,0.000
C8FAEE,AcDbPolyline,XR TNT$0$Xr-TNT-Khai$0$HTKT_TN_D300,26.300,0.000,0.000,0.000,0.000
C8FAEF,AcDbPolyline,XR TNT$0$Xr-TNT-Khai$0$HTKT_TN_D300,17.300,0.000,0.000,0.000,0.000
C8FAF0,AcDbPolyline,XR TNT$0$Xr-TNT-Khai$0$HTKT_TN_D300,13.955,0.000,0.000,0.000,0.000
C8FAF1,AcDbPolyline,XR TNT$0$Xr-TNT-Khai$0$HTKT_TN_D300,22.580,0.000,0.000,0.000,0.000
C8FAF2,AcDbPolyline,XR TNT$0$Xr-TNT-Khai$0$HTKT_TN_D300,22.380,0.000,0.000,0.000,0.000
C8FAF3,AcDbPolyline,XR TNT$0$Xr-TNT-Khai$0$HTKT_TN_D300,14.349,0.000,0.000,0.000,0.000
C8FAF4,AcDbPolyline,XR TNT$0$Xr-TNT-Khai$0$HTKT_TN_D300,17.300,0.000,0.000,0.000,0.000
C8FAF5,AcDbPolyline,XR TNT$0$Xr-TNT-Khai$0$HTKT_TN_D300,26.300,0.000,0.000,0.000,0.000
C8FAF6,AcDbPolyline,XR TNT$0$Xr-TNT-Khai$0$HTKT_TN_D300,26.319,0.000,0.000,0.000,0.000
C8FAF7,AcDbPolyline,XR TNT$0$Xr-TNT-Khai$0$HTKT_TN_D300,26.466,0.000,0.000,0.000,0.000
C8FAF8,AcDbPolyline,XR TNT$0$Xr-TNT-Khai$0$HTKT_TN_D300,26.300,0.000,0.000,0.000,0.000
C8FAF9,AcDbPolyline,XR TNT$0$Xr-TNT-Khai$0$HTKT_TN_D300,17.300,0.000,0.000,0.000,0.000
C8FAFA,AcDbPolyline,XR TNT$0$Xr-TNT-Khai$0$HTKT_TN_D300,14.177,0.000,0.000,0.000,0.000
C8FAFB,AcDbPolyline,XR TNT$0$Xr-TNT-Khai$0$HTKT_TN_D300,22.564,0.000,0.000,0.000,0.000
C8FAFC,AcDbPolyline,XR TNT$0$Xr-TNT-Khai$0$HTKT_TN_D300,22.447,0.000,0.000,0.000,0.000
C8FAFD,AcDbPolyline,XR TNT$0$Xr-TNT-Khai$0$HTKT_TN_D300,14.258,0.000,0.000,0.000,0.000
C8FAFE,AcDbPolyline,XR TNT$0$Xr-TNT-Khai$0$HTKT_TN_D300,17.300,0.000,0.000,0.000,0.000
C8FAFF,AcDbPolyline,XR TNT$0$Xr-TNT-Khai$0$HTKT_TN_D300,26.300,0.000,0.000,0.000,0.000
C8FB00,AcDbPolyline,XR TNT$0$Xr-TNT-Khai$0$HTKT_TN_D300,26.315,0.000,0.000,0.000,0.000
C8FB01,AcDbPolyline,dim 300 ngang duong,15.002,0.000,0.000,0.000,0.000
C8FB02,AcDbPolyline,XR TNT$0$Xr-TNT-Khai$0$HTKT_TN_D300,30.794,0.000,0.000,0.000,0.000
C8FB03,AcDbPolyline,XR TNT$0$Xr-TNT-Khai$0$HTKT_TN_D300,24.150,0.000,0.000,0.000,0.000
C8FB04,AcDbPolyline,XR TNT$0$Xr-TNT-Khai$0$HTKT_TN_D300,23.850,0.000,0.000,0.000,0.000
C8FB05,AcDbPolyline,XR TNT$0$Xr-TNT-Khai$0$HTKT_TN_D300,20.000,0.000,0.000,0.000,0.000
C8FB06,AcDbPolyline,XR TNT$0$Xr-TNT-Khai$0$HTKT_TN_D300,33.004,0.000,0.000,0.000,0.000
C8FB07,AcDbPolyline,XR TNT$0$Xr-TNT-Khai$0$HTKT_TN_D300,17.168,0.000,0.000,0.000,0.000
C8FB08,AcDbPolyline,XR TNT$0$Xr-TNT-Khai$0$HTKT_TN_D300,24.300,0.000,0.000,0.000,0.000
C8FB09,AcDbPolyline,XR TNT$0$Xr-TNT-Khai$0$HTKT_TN_D300,21.299,0.000,0.000,0.000,0.000
C8FB0A,AcDbPolyline,XR TNT$0$Xr-TNT-Khai$0$HTKT_TN_D300,23.301,0.000,0.000,0.000,0.000
C8FB0B,AcDbPolyline,XR TNT$0$Xr-TNT-Khai$0$HTKT_TN_D300,24.300,0.000,0.000,0.000,0.000
C8FB0C,AcDbPolyline,XR TNT$0$Xr-TNT-Khai$0$HTKT_TN_D300,26.300,0.000,0.000,0.000,0.000
C8FB0D,AcDbPolyline,XR TNT$0$Xr-TNT-Khai$0$HTKT_TN_D300,26.300,0.000,0.000,0.000,0.000
C8FB0E,AcDbPolyline,XR TNT$0$Xr-TNT-Khai$0$HTKT_TN_D300,17.300,0.000,0.000,0.000,0.000
C8FB0F,AcDbPolyline,XR TNT$0$Xr-TNT-Khai$0$HTKT_TN_D300,15.549,0.000,0.000,0.000,0.000
C8FB10,AcDbPolyline,XR TNT$0$Xr-TNT-Khai$0$HTKT_TN_D300,21.963,0.000,0.000,0.000,0.000
C8FB11,AcDbPolyline,XR TNT$0$Xr-TNT-Khai$0$HTKT_TN_D300,21.388,0.000,0.000,0.000,0.000
C8FB12,AcDbPolyline,XR TNT$0$Xr-TNT-Khai$0$HTKT_TN_D300,15.360,0.000,0.000,0.000,0.000
C8FB13,AcDbPolyline,XR TNT$0$Xr-TNT-Khai$0$HTKT_TN_D300,17.300,0.000,0.000,0.000,0.000
C8FB14,AcDbPolyline,XR TNT$0$Xr-TNT-Khai$0$HTKT_TN_D300,26.300,0.000,0.000,0.000,0.000
C8FB15,AcDbPolyline,XR TNT$0$Xr-TNT-Khai$0$HTKT_TN_D300,26.300,0.000,0.000,0.000,0.000
C8FB16,AcDbPolyline,dim 300 ngang duong,10.331,0.000,0.000,0.000,0.000
C8FB17,AcDbPolyline,dim 300 ngang duong,11.674,0.000,0.000,0.000,0.000
C8FB18,AcDbPolyline,dim 300 ngang duong,10.361,0.000,0.000,0.000,0.000
C8FB19,AcDbPolyline,XR TNT$0$Xr-TNT-Khai$0$HTKT_TN_D300,29.300,0.000,0.000,0.000,0.000
C8FB1A,AcDbPolyline,XR TNT$0$Xr-TNT-Khai$0$HTKT_TN_D300,25.300,0.000,0.000,0.000,0.000
C8FB1B,AcDbPolyline,XR TNT$0$Xr-TNT-Khai$0$HTKT_TN_D300,19.300,0.000,0.000,0.000,0.000
C8FB1C,AcDbPolyline,XR TNT$0$Xr-TNT-Khai$0$HTKT_TN_D300,21.750,0.000,0.000,0.000,0.000
C8FB1D,AcDbPolyline,XR TNT$0$Xr-TNT-Khai$0$HTKT_TN_D300,34.045,0.000,0.000,0.000,0.000
C8FB1E,AcDbPolyline,XR TNT$0$Xr-TNT-Khai$0$HTKT_TN_D300,22.438,0.000,0.000,0.000,0.000
C8FB1F,AcDbPolyline,XR TNT$0$Xr-TNT-Khai$0$HTKT_TN_D300,27.300,0.000,0.000,0.000,0.000
C8FB20,AcDbPolyline,XR TNT$0$Xr-TNT-Khai$0$HTKT_TN_D300,27.300,0.000,0.000,0.000,0.000
C8FB21,AcDbPolyline,XR TNT$0$Xr-TNT-Khai$0$HTKT_TN_D300,27.300,0.000,0.000,0.000,0.000
C8FB22,AcDbPolyline,XR TNT$0$Xr-TNT-Khai$0$HTKT_TN_D300,26.325,0.000,0.000,0.000,0.000
C8FB23,AcDbPolyline,XR TNT$0$Xr-TNT-Khai$0$HTKT_TN_D300,26.300,0.000,0.000,0.000,0.000
C8FB24,AcDbPolyline,XR TNT$0$Xr-TNT-Khai$0$HTKT_TN_D300,17.300,0.000,0.000,0.000,0.000
C8FB25,AcDbPolyline,XR TNT$0$Xr-TNT-Khai$0$HTKT_TN_D300,14.329,0.000,0.000,0.000,0.000
C8FB26,AcDbPolyline,XR TNT$0$Xr-TNT-Khai$0$HTKT_TN_D300,22.192,0.000,0.000,0.000,0.000
C8FB27,AcDbPolyline,XR TNT$0$Xr-TNT-Khai$0$HTKT_TN_D300,21.561,0.000,0.000,0.000,0.000
C8FB28,AcDbPolyline,XR TNT$0$Xr-TNT-Khai$0$HTKT_TN_D300,15.268,0.000,0.000,0.000,0.000
C8FB29,AcDbPolyline,XR TNT$0$Xr-TNT-Khai$0$HTKT_TN_D300,17.300,0.000,0.000,0.000,0.000
C8FB2A,AcDbPolyline,XR TNT$0$Xr-TNT-Khai$0$HTKT_TN_D300,26.300,0.000,0.000,0.000,0.000
C8FB2B,AcDbPolyline,XR TNT$0$Xr-TNT-Khai$0$HTKT_TN_D300,26.300,0.000,0.000,0.000,0.000
C8FB2C,AcDbPolyline,XR TNT$0$Xr-TNT-Khai$0$HTKT_TN_D300,37.378,0.000,0.000,0.000,0.000
C8FB2D,AcDbPolyline,XR TNT$0$Xr-TNT-Khai$0$HTKT_TN_D300,28.162,0.000,0.000,0.000,0.000
C8FB2E,AcDbPolyline,dim 300 ngang duong,20.810,0.000,0.000,0.000,0.000
C8FB2F,AcDbPolyline,dim 300 ngang duong,10.304,0.000,0.000,0.000,0.000
C8FB30,AcDbPolyline,dim 300 ngang duong,10.360,0.000,0.000,0.000,0.000
C8FB31,AcDbPolyline,XR TNT$0$Xr-TNT-Khai$0$HTKT_TN_D300,26.288,0.000,0.000,0.000,0.000
C8FB32,AcDbPolyline,XR TNT$0$Xr-TNT-Khai$0$HTKT_TN_D300,26.321,0.000,0.000,0.000,0.000
C8FB33,AcDbPolyline,XR TNT$0$Xr-TNT-Khai$0$HTKT_TN_D300,17.290,0.000,0.000,0.000,0.000
C8FB34,AcDbPolyline,XR TNT$0$Xr-TNT-Khai$0$HTKT_TN_D300,16.857,0.000,0.000,0.000,0.000
C8FB35,AcDbPolyline,XR TNT$0$Xr-TNT-Khai$0$HTKT_TN_D300,27.000,0.000,0.000,0.000,0.000
C8FB36,AcDbPolyline,XR TNT$0$Xr-TNT-Khai$0$HTKT_TN_D300,26.510,0.000,0.000,0.000,0.000
C8FB37,AcDbPolyline,XR TNT$0$Xr-TNT-Khai$0$HTKT_TN_D300,17.319,0.000,0.000,0.000,0.000
C8FB38,AcDbPolyline,XR TNT$0$Xr-TNT-Khai$0$HTKT_TN_D300,16.802,0.000,0.000,0.000,0.000
C8FB39,AcDbPolyline,XR TNT$0$Xr-TNT-Khai$0$HTKT_TN_D300,26.286,0.000,0.000,0.000,0.000
C8FB3A,AcDbPolyline,XR TNT$0$Xr-TNT-Khai$0$HTKT_TN_D300,26.322,0.000,0.000,0.000,0.000
C8FB3B,AcDbPolyline,XR TNT$0$Xr-TNT-Khai$0$HTKT_TN_D300,17.274,0.000,0.000,0.000,0.000
C8FB3C,AcDbPolyline,XR TNT$0$Xr-TNT-Khai$0$HTKT_TN_D300,16.342,0.000,0.000,0.000,0.000
C8FB3D,AcDbPolyline,XR TNT$0$Xr-TNT-Khai$0$HTKT_TN_D300,17.278,0.000,0.000,0.000,0.000
C8FB3E,AcDbPolyline,XR TNT$0$Xr-TNT-Khai$0$HTKT_TN_D300,35.276,0.000,0.000,0.000,0.000
C8FB3F,AcDbPolyline,XR TNT$0$Xr-TNT-Khai$0$HTKT_TN_D300,17.331,0.000,0.000,0.000,0.000
C8FB40,AcDbPolyline,XR TNT$0$Xr-TNT-Khai$0$HTKT_TN_D300,16.863,0.000,0.000,0.000,0.000
C8FB41,AcDbPolyline,XR TNT$0$Xr-TNT-Khai$0$HTKT_TN_D300,26.297,0.000,0.000,0.000,0.000
C8FB42,AcDbPolyline,XR TNT$0$Xr-TNT-Khai$0$HTKT_TN_D300,26.271,0.000,0.000,0.000,0.000
C8FB43,AcDbPolyline,XR TNT$0$Xr-TNT-Khai$0$HTKT_TN_D300,17.314,0.000,0.000,0.000,0.000
C8FB44,AcDbPolyline,XR TNT$0$Xr-TNT-Khai$0$HTKT_TN_D300,16.881,0.000,0.000,0.000,0.000
C8FB45,AcDbPolyline,XR TNT$0$Xr-TNT-Khai$0$HTKT_TN_D300,26.287,0.000,0.000,0.000,0.000
C8FB46,AcDbPolyline,XR TNT$0$Xr-TNT-Khai$0$HTKT_TN_D300,26.299,0.000,0.000,0.000,0.000
C8FB47,AcDbPolyline,XR TNT$0$Xr-TNT-Khai$0$HTKT_TN_D300,17.332,0.000,0.000,0.000,0.000
C8FB48,AcDbPolyline,XR TNT$0$Xr-TNT-Khai$0$HTKT_TN_D300,16.805,0.000,0.000,0.000,0.000
C8FB49,AcDbPolyline,XR TNT$0$Xr-TNT-Khai$0$HTKT_TN_D300,26.314,0.000,0.000,0.000,0.000
C8FB4A,AcDbPolyline,XR TNT$0$Xr-TNT-Khai$0$HTKT_TN_D300,26.305,0.000,0.000,0.000,0.000
C8FB4B,AcDbPolyline,XR TNT$0$Xr-TNT-Khai$0$HTKT_TN_D300,17.310,0.000,0.000,0.000,0.000
C8FB4C,AcDbPolyline,XR TNT$0$Xr-TNT-Khai$0$HTKT_TN_D300,16.815,0.000,0.000,0.000,0.000
C8FB4D,AcDbPolyline,XR TNT$0$Xr-TNT-Khai$0$HTKT_TN_D300,26.300,0.000,0.000,0.000,0.000
C8FB4E,AcDbPolyline,XR TNT$0$Xr-TNT-Khai$0$HTKT_TN_D300,26.300,0.000,0.000,0.000,0.000
C8FB4F,AcDbPolyline,XR TNT$0$Xr-TNT-Khai$0$HTKT_TN_D300,17.327,0.000,0.000,0.000,0.000
C8FB50,AcDbPolyline,XR TNT$0$Xr-TNT-Khai$0$HTKT_TN_D300,16.874,0.000,0.000,0.000,0.000
C8FB51,AcDbPolyline,XR TNT$0$Xr-TNT-Khai$0$HTKT_TN_D300,24.300,0.000,0.000,0.000,0.000
C8FB52,AcDbPolyline,XR TNT$0$Xr-TNT-Khai$0$HTKT_TN_D300,25.307,0.000,0.000,0.000,0.000
C8FB53,AcDbPolyline,XR TNT$0$Xr-TNT-Khai$0$HTKT_TN_D300,24.293,0.000,0.000,0.000,0.000
C8FB54,AcDbPolyline,XR TNT$0$Xr-TNT-Khai$0$HTKT_TN_D300,21.885,0.000,0.000,0.000,0.000
C8FB55,AcDbPolyline,XR TNT$0$Xr-TNT-Khai$0$HTKT_TN_D300,26.602,0.000,0.000,0.000,0.000
C8FB56,AcDbPolyline,XR TNT$0$Xr-TNT-Khai$0$HTKT_TN_D300,26.298,0.000,0.000,0.000,0.000
C8FB57,AcDbPolyline,XR TNT$0$Xr-TNT-Khai$0$HTKT_TN_D300,17.300,0.000,0.000,0.000,0.000
C8FB58,AcDbPolyline,XR TNT$0$Xr-TNT-Khai$0$HTKT_TN_D300,16.916,0.000,0.000,0.000,0.000
C8FB59,AcDbPolyline,XR TNT$0$Xr-TNT-Khai$0$HTKT_TN_D300,22.072,0.000,0.000,0.000,0.000
C8FB5A,AcDbPolyline,XR TNT$0$Xr-TNT-Khai$0$HTKT_TN_D300,20.012,0.000,0.000,0.000,0.000
C8FB5B,AcDbPolyline,XR TNT$0$Xr-TNT-Khai$0$HTKT_TN_D300,18.641,0.000,0.000,0.000,0.000
C8FB5C,AcDbPolyline,XR TNT$0$Xr-TNT-Khai$0$HTKT_TN_D300,17.300,0.000,0.000,0.000,0.000
C8FB5D,AcDbPolyline,XR TNT$0$Xr-TNT-Khai$0$HTKT_TN_D300,26.298,0.000,0.000,0.000,0.000
C8FB5E,AcDbPolyline,XR TNT$0$Xr-TNT-Khai$0$HTKT_TN_D300,26.437,0.000,0.000,0.000,0.000
C8FB5F,AcDbPolyline,XR TNT$0$Xr-TNT-Khai$0$HTKT_TN_D300,26.311,0.000,0.000,0.000,0.000
C8FB60,AcDbPolyline,XR TNT$0$Xr-TNT-Khai$0$HTKT_TN_D300,26.299,0.000,0.000,0.000,0.000
C8FB61,AcDbPolyline,XR TNT$0$Xr-TNT-Khai$0$HTKT_TN_D300,17.300,0.000,0.000,0.000,0.000
C8FB62,AcDbPolyline,XR TNT$0$Xr-TNT-Khai$0$HTKT_TN_D300,16.740,0.000,0.000,0.000,0.000
C8FB63,AcDbPolyline,XR TNT$0$Xr-TNT-Khai$0$HTKT_TN_D300,22.543,0.000,0.000,0.000,0.000
C8FB64,AcDbPolyline,XR TNT$0$Xr-TNT-Khai$0$HTKT_TN_D300,21.011,0.000,0.000,0.000,0.000
C8FB65,AcDbPolyline,XR TNT$0$Xr-TNT-Khai$0$HTKT_TN_D300,18.269,0.000,0.000,0.000,0.000
C8FB66,AcDbPolyline,XR TNT$0$Xr-TNT-Khai$0$HTKT_TN_D300,17.000,0.000,0.000,0.000,0.000
C8FB67,AcDbPolyline,XR TNT$0$Xr-TNT-Khai$0$HTKT_TN_D300,26.297,0.000,0.000,0.000,0.000
C8FB68,AcDbPolyline,XR TNT$0$Xr-TNT-Khai$0$HTKT_TN_D300,26.339,0.000,0.000,0.000,0.000
C8FB69,AcDbPolyline,XR TNT$0$Xr-TNT-Khai$0$HTKT_TN_D300,22.300,0.000,0.000,0.000,0.000
C8FB6A,AcDbPolyline,XR TNT$0$Xr-TNT-Khai$0$HTKT_TN_D300,24.117,0.000,0.000,0.000,0.000
C8FB6B,AcDbPolyline,XR TNT$0$Xr-TNT-Khai$0$HTKT_TN_D300,27.494,0.000,0.000,0.000,0.000
C8FB6C,AcDbPolyline,XR TNT$0$Xr-TNT-Khai$0$HTKT_TN_D300,25.697,0.000,0.000,0.000,0.000
C8FB6D,AcDbPolyline,XR TNT$0$Xr-TNT-Khai$0$HTKT_TN_D300,22.300,0.000,0.000,0.000,0.000
C8FB6E,AcDbPolyline,XR TNT$0$Xr-TNT-Khai$0$HTKT_TN_D300,22.300,0.000,0.000,0.000,0.000
C8FB6F,AcDbPolyline,XR TNT$0$Xr-TNT-Khai$0$HTKT_TN_D300,24.334,0.000,0.000,0.000,0.000
C8FB70,AcDbPolyline,XR TNT$0$Xr-TNT-Khai$0$HTKT_TN_D300,26.868,0.000,0.000,0.000,0.000
C8FB71,AcDbPolyline,XR TNT$0$Xr-TNT-Khai$0$HTKT_TN_D300,26.559,0.000,0.000,0.000,0.000
C8FB72,AcDbPolyline,XR TNT$0$Xr-TNT-Khai$0$HTKT_TN_D300,22.300,0.000,0.000,0.000,0.000
C8FB73,AcDbPolyline,XR TNT$0$Xr-TNT-Khai$0$HTKT_TN_D300,22.300,0.000,0.000,0.000,0.000
C8FB74,AcDbPolyline,XR TNT$0$Xr-TNT-Khai$0$HTKT_TN_D300,25.956,0.000,0.000,0.000,0.000
C8FB75,AcDbPolyline,XR TNT$0$Xr-TNT-Khai$0$HTKT_TN_D300,25.366,0.000,0.000,0.000,0.000
C8FB76,AcDbPolyline,XR TNT$0$Xr-TNT-Khai$0$HTKT_TN_D300,26.562,0.000,0.000,0.000,0.000
C8FB77,AcDbPolyline,XR TNT$0$Xr-TNT-Khai$0$HTKT_TN_D300,22.300,0.000,0.000,0.000,0.000
C8FB78,AcDbPolyline,dim 300 ngang duong,10.928,0.000,0.000,0.000,0.000
C8FB79,AcDbPolyline,dim 300 ngang duong,10.523,0.000,0.000,0.000,0.000
C8FB7A,AcDbPolyline,dim 300 ngang duong,10.635,0.000,0.000,0.000,0.000
C8FB7B,AcDbPolyline,XR TNT$0$Xr-TNT-Khai$0$HTKT_TN_D300,25.300,0.000,0.000,0.000,0.000
C8FB7C,AcDbPolyline,XR TNT$0$Xr-TNT-Khai$0$HTKT_TN_D300,20.946,0.000,0.000,0.000,0.000
C8FB7D,AcDbPolyline,XR TNT$0$Xr-TNT-Khai$0$HTKT_TN_D300,19.301,0.000,0.000,0.000,0.000
C8FB7E,AcDbPolyline,XR TNT$0$Xr-TNT-Khai$0$HTKT_TN_D300,25.300,0.000,0.000,0.000,0.000
C8FB7F,AcDbPolyline,XR TNT$0$Xr-TNT-Khai$0$HTKT_TN_D300,22.300,0.000,0.000,0.000,0.000
C8FB80,AcDbPolyline,XR TNT$0$Xr-TNT-Khai$0$HTKT_TN_D300,27.258,0.000,0.000,0.000,0.000
C8FB81,AcDbPolyline,XR TNT$0$Xr-TNT-Khai$0$HTKT_TN_D300,30.342,0.000,0.000,0.000,0.000
C8FB82,AcDbPolyline,XR TNT$0$Xr-TNT-Khai$0$HTKT_TN_D300,27.092,0.000,0.000,0.000,0.000
C8FB83,AcDbPolyline,XR TNT$0$Xr-TNT-Khai$0$HTKT_TN_D300,27.731,0.000,0.000,0.000,0.000
C8FB84,AcDbPolyline,XR TNT$0$Xr-TNT-Khai$0$HTKT_TN_D300,27.039,0.000,0.000,0.000,0.000
C8FB85,AcDbPolyline,XR TNT$0$Xr-TNT-Khai$0$HTKT_TN_D300,35.008,0.000,0.000,0.000,0.000
C8FB86,AcDbPolyline,XR TNT$0$Xr-TNT-Khai$0$HTKT_TN_D300,19.801,0.000,0.000,0.000,0.000
C8FB87,AcDbPolyline,XR TNT$0$Xr-TNT-Khai$0$HTKT_TN_D300,24.800,0.000,0.000,0.000,0.000
C8FB88,AcDbPolyline,XR TNT$0$Xr-TNT-Khai$0$HTKT_TN_D300,25.300,0.000,0.000,0.000,0.000
C8FB89,AcDbPolyline,XR TNT$0$Xr-TNT-Khai$0$HTKT_TN_D300,22.533,0.000,0.000,0.000,0.000
C8FB8A,AcDbPolyline,XR TNT$0$Xr-TNT-Khai$0$HTKT_TN_D300,26.220,0.000,0.000,0.000,0.000
C8FB8B,AcDbPolyline,XR TNT$0$Xr-TNT-Khai$0$HTKT_TN_D300,22.730,0.000,0.000,0.000,0.000
C8FB8C,AcDbPolyline,XR TNT$0$Xr-TNT-Khai$0$HTKT_TN_D300,25.300,0.000,0.000,0.000,0.000
C8FB8D,AcDbPolyline,XR TNT$0$Xr-TNT-Khai$0$HTKT_TN_D300,25.300,0.000,0.000,0.000,0.000
C8FB8E,AcDbPolyline,XR TNT$0$Xr-TNT-Khai$0$HTKT_TN_D300,22.554,0.000,0.000,0.000,0.000
C8FB8F,AcDbPolyline,XR TNT$0$Xr-TNT-Khai$0$HTKT_TN_D300,26.182,0.000,0.000,0.000,0.000
C8FB90,AcDbPolyline,XR TNT$0$Xr-TNT-Khai$0$HTKT_TN_D300,22.832,0.000,0.000,0.000,0.000
C8FB91,AcDbPolyline,XR TNT$0$Xr-TNT-Khai$0$HTKT_TN_D300,25.300,0.000,0.000,0.000,0.000
C8FB92,AcDbPolyline,XR TNT$0$Xr-TNT-Khai$0$HTKT_TN_D300,30.276,0.000,0.000,0.000,0.000
C8FB93,AcDbPolyline,XR TNT$0$Xr-TNT-Khai$0$HTKT_TN_D300,27.179,0.000,0.000,0.000,0.000
C8FB94,AcDbPolyline,XR TNT$0$Xr-TNT-Khai$0$HTKT_TN_D300,27.421,0.000,0.000,0.000,0.000
C8FB95,AcDbPolyline,XR TNT$0$Xr-TNT-Khai$0$HTKT_TN_D300,22.165,0.000,0.000,0.000,0.000
C8FB96,AcDbPolyline,XR TNT$0$Xr-TNT-Khai$0$HTKT_TN_D300,27.732,0.000,0.000,0.000,0.000
C8FB97,AcDbPolyline,XR TNT$0$Xr-TNT-Khai$0$HTKT_TN_D300,22.310,0.000,0.000,0.000,0.000
C8FB98,AcDbPolyline,XR TNT$0$Xr-TNT-Khai$0$HTKT_TN_D300,27.421,0.000,0.000,0.000,0.000
C8FB99,AcDbPolyline,XR TNT$0$Xr-TNT-Khai$0$HTKT_TN_D300,27.179,0.000,0.000,0.000,0.000
C8FB9A,AcDbPolyline,XR TNT$0$Xr-TNT-Khai$0$HTKT_TN_D300,30.300,0.000,0.000,0.000,0.000
C8FB9B,AcDbPolyline,XR TNT$0$Xr-TNT-Khai$0$HTKT_TN_D300,17.300,0.000,0.000,0.000,0.000
C8FB9C,AcDbPolyline,XR TNT$0$Xr-TNT-Khai$0$HTKT_TN_D300,22.301,0.000,0.000,0.000,0.000
C8FB9D,AcDbPolyline,XR TNT$0$Xr-TNT-Khai$0$HTKT_TN_D300,31.757,0.000,0.000,0.000,0.000
C8FB9E,AcDbPolyline,XR TNT$0$Xr-TNT-Khai$0$HTKT_TN_D300,23.881,0.000,0.000,0.000,0.000
C8FB9F,AcDbPolyline,XR TNT$0$Xr-TNT-Khai$0$HTKT_TN_D300,17.300,0.000,0.000,0.000,0.000
C8FBA0,AcDbPolyline,XR TNT$0$Xr-TNT-Khai$0$HTKT_TN_D300,25.300,0.000,0.000,0.000,0.000
C8FBA1,AcDbPolyline,XR TNT$0$Xr-TNT-Khai$0$HTKT_TN_D300,14.301,0.000,0.000,0.000,0.000
C8FBA2,AcDbPolyline,XR TNT$0$Xr-TNT-Khai$0$HTKT_TN_D300,22.001,0.000,0.000,0.000,0.000
C8FBA3,AcDbPolyline,XR TNT$0$Xr-TNT-Khai$0$HTKT_TN_D300,22.300,0.000,0.000,0.000,0.000
C8FBA4,AcDbPolyline,dim 300 ngang duong,27.220,0.000,0.000,0.000,0.000
C8FBA5,AcDbPolyline,XR TNT$0$Xr-TNT-Khai$0$HTKT_TN_D300,29.300,0.000,0.000,0.000,0.000
C8FBA6,AcDbPolyline,XR TNT$0$Xr-TNT-Khai$0$HTKT_TN_D300,24.255,0.000,0.000,0.000,0.000
C8FBA7,AcDbPolyline,XR TNT$0$Xr-TNT-Khai$0$HTKT_TN_D300,25.300,0.000,0.000,0.000,0.000
C8FBA8,AcDbPolyline,XR TNT$0$Xr-TNT-Khai$0$HTKT_TN_D300,25.300,0.000,0.000,0.000,0.000
C8FBA9,AcDbPolyline,XR TNT$0$Xr-TNT-Khai$0$HTKT_TN_D300,28.764,0.000,0.000,0.000,0.000
C8FBAA,AcDbPolyline,XR TNT$0$Xr-TNT-Khai$0$HTKT_TN_D300,35.051,0.000,0.000,0.000,0.000
C8FBAB,AcDbPolyline,XR TNT$0$Xr-TNT-Khai$0$HTKT_TN_D300,26.555,0.000,0.000,0.000,0.000
C8FBAC,AcDbPolyline,XR TNT$0$Xr-TNT-Khai$0$HTKT_TN_D300,25.300,0.000,0.000,0.000,0.000
C8FBAD,AcDbPolyline,XR TNT$0$Xr-TNT-Khai$0$HTKT_TN_D300,25.300,0.000,0.000,0.000,0.000
C8FBAE,AcDbPolyline,XR TNT$0$Xr-TNT-Khai$0$HTKT_TN_D300,24.300,0.000,0.000,0.000,0.000
C8FBAF,AcDbPolyline,XR TNT$0$Xr-TNT-Khai$0$HTKT_TN_D300,24.300,0.000,0.000,0.000,0.000
C8FBB0,AcDbPolyline,XR TNT$0$Xr-TNT-Khai$0$HTKT_TN_D300,25.300,0.000,0.000,0.000,0.000
C8FBB1,AcDbPolyline,XR TNT$0$Xr-TNT-Khai$0$HTKT_TN_D300,27.300,0.000,0.000,0.000,0.000
C8FBB2,AcDbPolyline,XR TNT$0$Xr-TNT-Khai$0$HTKT_TN_D300,26.725,0.000,0.000,0.000,0.000
C8FBB3,AcDbPolyline,XR TNT$0$Xr-TNT-Khai$0$HTKT_TN_D300,31.002,0.000,0.000,0.000,0.000
C8FBB4,AcDbPolyline,XR TNT$0$Xr-TNT-Khai$0$HTKT_TN_D300,22.001,0.000,0.000,0.000,0.000
C8FBB5,AcDbPolyline,XR TNT$0$Xr-TNT-Khai$0$HTKT_TN_D300,27.300,0.000,0.000,0.000,0.000
C8FBB6,AcDbPolyline,XR TNT$0$Xr-TNT-Khai$0$HTKT_TN_D300,25.300,0.000,0.000,0.000,0.000
C8FBB7,AcDbPolyline,XR TNT$0$Xr-TNT-Khai$0$HTKT_TN_D300,24.300,0.000,0.000,0.000,0.000
C8FBB8,AcDbPolyline,XR TNT$0$Xr-TNT-Khai$0$HTKT_TN_D300,17.300,0.000,0.000,0.000,0.000
C8FBB9,AcDbPolyline,XR TNT$0$Xr-TNT-Khai$0$HTKT_TN_D300,24.109,0.000,0.000,0.000,0.000
C8FBBA,AcDbPolyline,XR TNT$0$Xr-TNT-Khai$0$HTKT_TN_D300,29.853,0.000,0.000,0.000,0.000
C8FBBB,AcDbPolyline,XR TNT$0$Xr-TNT-Khai$0$HTKT_TN_D300,23.989,0.000,0.000,0.000,0.000
C8FBBC,AcDbPolyline,XR TNT$0$Xr-TNT-Khai$0$HTKT_TN_D300,17.300,0.000,0.000,0.000,0.000
C8FBBD,AcDbPolyline,XR TNT$0$Xr-TNT-Khai$0$HTKT_TN_D300,17.300,0.000,0.000,0.000,0.000
C8FBBE,AcDbPolyline,XR TNT$0$Xr-TNT-Khai$0$HTKT_TN_D300,22.256,0.000,0.000,0.000,0.000
C8FBBF,AcDbPolyline,XR TNT$0$Xr-TNT-Khai$0$HTKT_TN_D300,31.637,0.000,0.000,0.000,0.000
C8FBC0,AcDbPolyline,XR TNT$0$Xr-TNT-Khai$0$HTKT_TN_D300,21.000,0.000,0.000,0.000,0.000
C8FBC1,AcDbPolyline,XR TNT$0$Xr-TNT-Khai$0$HTKT_TN_D300,20.300,0.000,0.000,0.000,0.000
C8FBC2,AcDbPolyline,XR TNT$0$Xr-TNT-Khai$0$HTKT_TN_D300,20.263,0.000,0.000,0.000,0.000
C8FBC3,AcDbPolyline,XR TNT$0$Xr-TNT-Khai$0$HTKT_TN_D300,19.301,0.000,0.000,0.000,0.000
C8FBC4,AcDbPolyline,XR TNT$0$Xr-TNT-Khai$0$HTKT_TN_D300,33.633,0.000,0.000,0.000,0.000
C8FBC5,AcDbPolyline,XR TNT$0$Xr-TNT-Khai$0$HTKT_TN_D300,19.001,0.000,0.000,0.000,0.000
C8FBC6,AcDbPolyline,XR TNT$0$Xr-TNT-Khai$0$HTKT_TN_D300,20.300,0.000,0.000,0.000,0.000
C8FBC7,AcDbPolyline,XR TNT$0$Xr-TNT-Khai$0$HTKT_TN_D300,20.284,0.000,0.000,0.000,0.000
C8FBC8,AcDbPolyline,XR TNT$0$Xr-TNT-Khai$0$HTKT_TN_D300,21.250,0.000,0.000,0.000,0.000
C8FBC9,AcDbPolyline,XR TNT$0$Xr-TNT-Khai$0$HTKT_TN_D300,28.078,0.000,0.000,0.000,0.000
C8FBCA,AcDbPolyline,XR TNT$0$Xr-TNT-Khai$0$HTKT_TN_D300,17.324,0.000,0.000,0.000,0.000
C8FBCB,AcDbPolyline,XR TNT$0$Xr-TNT-Khai$0$HTKT_TN_D300,25.247,0.000,0.000,0.000,0.000
C8FBCC,AcDbPolyline,dim 300 ngang duong,32.014,0.000,0.000,0.000,0.000
C8FBCD,AcDbPolyline,XR TNT$0$Xr-TNT-Khai$0$HTKT_TN_D300,27.781,0.000,0.000,0.000,0.000
C8FBCE,AcDbPolyline,XR TNT$0$Xr-TNT-Khai$0$HTKT_TN_D300,24.300,0.000,0.000,0.000,0.000
C8FBCF,AcDbPolyline,XR TNT$0$Xr-TNT-Khai$0$HTKT_TN_D300,25.263,0.000,0.000,0.000,0.000
C8FBD0,AcDbPolyline,XR TNT$0$Xr-TNT-Khai$0$HTKT_TN_D300,25.300,0.000,0.000,0.000,0.000
C8FBD1,AcDbPolyline,XR TNT$0$Xr-TNT-Khai$0$HTKT_TN_D300,27.355,0.000,0.000,0.000,0.000
C8FBD2,AcDbPolyline,XR TNT$0$Xr-TNT-Khai$0$HTKT_TN_D300,32.585,0.000,0.000,0.000,0.000
C8FBD3,AcDbPolyline,XR TNT$0$Xr-TNT-Khai$0$HTKT_TN_D300,26.998,0.000,0.000,0.000,0.000
C8FBD4,AcDbPolyline,XR TNT$0$Xr-TNT-Khai$0$HTKT_TN_D300,22.300,0.000,0.000,0.000,0.000
C8FBD5,AcDbPolyline,XR TNT$0$Xr-TNT-Khai$0$HTKT_TN_D300,25.300,0.000,0.000,0.000,0.000
C8FBD6,AcDbPolyline,XR TNT$0$Xr-TNT-Khai$0$HTKT_TN_D300,24.300,0.000,0.000,0.000,0.000
C8FBD7,AcDbPolyline,XR TNT$0$Xr-TNT-Khai$0$HTKT_TN_D300,27.300,0.000,0.000,0.000,0.000
C8FBD8,AcDbPolyline,XR TNT$0$Xr-TNT-Khai$0$HTKT_TN_D300,22.300,0.000,0.000,0.000,0.000
C8FBD9,AcDbPolyline,XR TNT$0$Xr-TNT-Khai$0$HTKT_TN_D300,25.300,0.000,0.000,0.000,0.000
C8FBDA,AcDbPolyline,XR TNT$0$Xr-TNT-Khai$0$HTKT_TN_D300,24.004,0.000,0.000,0.000,0.000
C8FBDB,AcDbPolyline,XR TNT$0$Xr-TNT-Khai$0$HTKT_TN_D300,28.484,0.000,0.000,0.000,0.000
C8FBDC,AcDbPolyline,XR TNT$0$Xr-TNT-Khai$0$HTKT_TN_D300,26.405,0.000,0.000,0.000,0.000
C8FBDD,AcDbPolyline,XR TNT$0$Xr-TNT-Khai$0$HTKT_TN_D300,25.300,0.000,0.000,0.000,0.000
C8FBDE,AcDbPolyline,XR TNT$0$Xr-TNT-Khai$0$HTKT_TN_D300,25.300,0.000,0.000,0.000,0.000
C8FBDF,AcDbPolyline,XR TNT$0$Xr-TNT-Khai$0$HTKT_TN_D300,24.300,0.000,0.000,0.000,0.000
C8FBE0,AcDbPolyline,XR TNT$0$Xr-TNT-Khai$0$HTKT_TN_D300,27.300,0.000,0.000,0.000,0.000
C8FBE1,AcDbPolyline,XR TNT$0$Xr-TNT-Khai$0$HTKT_TN_D300,22.300,0.000,0.000,0.000,0.000
C8FBE2,AcDbPolyline,XR TNT$0$Xr-TNT-Khai$0$HTKT_TN_D300,25.300,0.000,0.000,0.000,0.000
C8FBE3,AcDbPolyline,XR TNT$0$Xr-TNT-Khai$0$HTKT_TN_D300,24.300,0.000,0.000,0.000,0.000
C8FBE4,AcDbPolyline,XR TNT$0$Xr-TNT-Khai$0$HTKT_TN_D300,35.308,0.000,0.000,0.000,0.000
C8FBE5,AcDbPolyline,XR TNT$0$Xr-TNT-Khai$0$HTKT_TN_D300,19.301,0.000,0.000,0.000,0.000
C8FBE6,AcDbPolyline,XR TNT$0$Xr-TNT-Khai$0$HTKT_TN_D300,25.300,0.000,0.000,0.000,0.000
C8FBE7,AcDbPolyline,XR TNT$0$Xr-TNT-Khai$0$HTKT_TN_D300,25.300,0.000,0.000,0.000,0.000
C8FBE8,AcDbPolyline,XR TNT$0$Xr-TNT-Khai$0$HTKT_TN_D300,24.300,0.000,0.000,0.000,0.000
C8FBE9,AcDbPolyline,XR TNT$0$Xr-TNT-Khai$0$HTKT_TN_D300,27.300,0.000,0.000,0.000,0.000
C8FBEA,AcDbPolyline,XR TNT$0$Xr-TNT-Khai$0$HTKT_TN_D300,22.300,0.000,0.000,0.000,0.000
C8FBEB,AcDbPolyline,XR TNT$0$Xr-TNT-Khai$0$HTKT_TN_D300,25.300,0.000,0.000,0.000,0.000
C8FBEC,AcDbPolyline,XR TNT$0$Xr-TNT-Khai$0$HTKT_TN_D300,24.312,0.000,0.000,0.000,0.000
C8FBED,AcDbPolyline,XR TNT$0$Xr-TNT-Khai$0$HTKT_TN_D300,35.448,0.000,0.000,0.000,0.000
C8FBEE,AcDbPolyline,XR TNT$0$Xr-TNT-Khai$0$HTKT_TN_D300,19.301,0.000,0.000,0.000,0.000
C8FBEF,AcDbPolyline,XR TNT$0$Xr-TNT-Khai$0$HTKT_TN_D300,25.300,0.000,0.000,0.000,0.000
C8FBF0,AcDbPolyline,XR TNT$0$Xr-TNT-Khai$0$HTKT_TN_D300,25.300,0.000,0.000,0.000,0.000
C8FBF1,AcDbPolyline,XR TNT$0$Xr-TNT-Khai$0$HTKT_TN_D300,24.300,0.000,0.000,0.000,0.000
C8FBF2,AcDbPolyline,XR TNT$0$Xr-TNT-Khai$0$HTKT_TN_D300,27.300,0.000,0.000,0.000,0.000
C8FBF3,AcDbPolyline,XR TNT$0$Xr-TNT-Khai$0$HTKT_TN_D300,22.300,0.000,0.000,0.000,0.000
C8FBF4,AcDbPolyline,XR TNT$0$Xr-TNT-Khai$0$HTKT_TN_D300,25.300,0.000,0.000,0.000,0.000
C8FBF5,AcDbPolyline,XR TNT$0$Xr-TNT-Khai$0$HTKT_TN_D300,24.301,0.000,0.000,0.000,0.000
C8FBF6,AcDbPolyline,XR TNT$0$Xr-TNT-Khai$0$HTKT_TN_D300,35.444,0.000,0.000,0.000,0.000
C8FBF7,AcDbPolyline,XR TNT$0$Xr-TNT-Khai$0$HTKT_TN_D300,19.301,0.000,0.000,0.000,0.000
C8FBF8,AcDbPolyline,XR TNT$0$Xr-TNT-Khai$0$HTKT_TN_D300,25.300,0.000,0.000,0.000,0.000
C8FBF9,AcDbPolyline,XR TNT$0$Xr-TNT-Khai$0$HTKT_TN_D300,25.263,0.000,0.000,0.000,0.000
C8FBFA,AcDbPolyline,XR TNT$0$Xr-TNT-Khai$0$HTKT_TN_D300,24.300,0.000,0.000,0.000,0.000
C8FBFB,AcDbPolyline,XR TNT$0$Xr-TNT-Khai$0$HTKT_TN_D300,27.300,0.000,0.000,0.000,0.000
C8FBFC,AcDbPolyline,XR TNT$0$Xr-TNT-Khai$0$HTKT_TN_D300,22.300,0.000,0.000,0.000,0.000
C8FBFD,AcDbPolyline,XR TNT$0$Xr-TNT-Khai$0$HTKT_TN_D300,25.300,0.000,0.000,0.000,0.000
C8FBFE,AcDbPolyline,XR TNT$0$Xr-TNT-Khai$0$HTKT_TN_D300,24.312,0.000,0.000,0.000,0.000
C8FBFF,AcDbPolyline,XR TNT$0$Xr-TNT-Khai$0$HTKT_TN_D300,35.435,0.000,0.000,0.000,0.000
C8FC00,AcDbPolyline,XR TNT$0$Xr-TNT-Khai$0$HTKT_TN_D300,19.301,0.000,0.000,0.000,0.000
C8FC01,AcDbPolyline,XR TNT$0$Xr-TNT-Khai$0$HTKT_TN_D300,25.300,0.000,0.000,0.000,0.000
C8FC02,AcDbPolyline,XR TNT$0$Xr-TNT-Khai$0$HTKT_TN_D300,25.300,0.000,0.000,0.000,0.000
C8FC03,AcDbPolyline,XR TNT$0$Xr-TNT-Khai$0$HTKT_TN_D300,24.300,0.000,0.000,0.000,0.000
C8FC04,AcDbPolyline,XR TNT$0$Xr-TNT-Khai$0$HTKT_TN_D300,27.300,0.000,0.000,0.000,0.000
C8FC05,AcDbPolyline,XR TNT$0$Xr-TNT-Khai$0$HTKT_TN_D300,22.300,0.000,0.000,0.000,0.000
C8FC06,AcDbPolyline,XR TNT$0$Xr-TNT-Khai$0$HTKT_TN_D300,25.300,0.000,0.000,0.000,0.000
C8FC07,AcDbPolyline,XR TNT$0$Xr-TNT-Khai$0$HTKT_TN_D300,24.300,0.000,0.000,0.000,0.000
C8FC08,AcDbPolyline,XR TNT$0$Xr-TNT-Khai$0$HTKT_TN_D300,26.427,0.000,0.000,0.000,0.000
C8FC09,AcDbPolyline,XR TNT$0$Xr-TNT-Khai$0$HTKT_TN_D300,25.300,0.000,0.000,0.000,0.000
C8FC0A,AcDbPolyline,XR TNT$0$Xr-TNT-Khai$0$HTKT_TN_D300,25.303,0.000,0.000,0.000,0.000
C8FC0B,AcDbPolyline,XR TNT$0$Xr-TNT-Khai$0$HTKT_TN_D300,24.300,0.000,0.000,0.000,0.000
C8FC0C,AcDbPolyline,XR TNT$0$Xr-TNT-Khai$0$HTKT_TN_D300,24.300,0.000,0.000,0.000,0.000
C8FC0D,AcDbPolyline,XR TNT$0$Xr-TNT-Khai$0$HTKT_TN_D300,25.300,0.000,0.000,0.000,0.000
C8FC0E,AcDbPolyline,XR TNT$0$Xr-TNT-Khai$0$HTKT_TN_D300,25.308,0.000,0.000,0.000,0.000
C8FC0F,AcDbPolyline,XR TNT$0$Xr-TNT-Khai$0$HTKT_TN_D300,23.999,0.000,0.000,0.000,0.000
C8FC10,AcDbPolyline,XR TNT$0$Xr-TNT-Khai$0$HTKT_TN_D300,28.506,0.000,0.000,0.000,0.000
C8FC11,AcDbPolyline,XR TNT$0$Xr-TNT-Khai$0$HTKT_TN_D300,26.350,0.000,0.000,0.000,0.000
C8FC12,AcDbPolyline,XR TNT$0$Xr-TNT-Khai$0$HTKT_TN_D300,25.300,0.000,0.000,0.000,0.000
C8FC13,AcDbPolyline,XR TNT$0$Xr-TNT-Khai$0$HTKT_TN_D300,25.300,0.000,0.000,0.000,0.000
C8FC14,AcDbPolyline,XR TNT$0$Xr-TNT-Khai$0$HTKT_TN_D300,24.300,0.000,0.000,0.000,0.000
C8FC15,AcDbPolyline,XR TNT$0$Xr-TNT-Khai$0$HTKT_TN_D300,15.001,0.000,0.000,0.000,0.000
C8FC16,AcDbPolyline,dim 300 ngang duong,10.683,0.000,0.000,0.000,0.000
C8FC17,AcDbPolyline,dim 300 ngang duong,10.675,0.000,0.000,0.000,0.000
C8FC18,AcDbPolyline,dim 300 ngang duong,10.320,0.000,0.000,0.000,0.000
C8FC19,AcDbPolyline,XR TNT$0$Xr-TNT-Khai$0$HTKT_TN_D300,26.300,0.000,0.000,0.000,0.000
C8FC1A,AcDbPolyline,XR TNT$0$Xr-TNT-Khai$0$HTKT_TN_D300,27.803,0.000,0.000,0.000,0.000
C8FC1B,AcDbPolyline,XR TNT$0$Xr-TNT-Khai$0$HTKT_TN_D300,20.637,0.000,0.000,0.000,0.000
C8FC1C,AcDbPolyline,XR TNT$0$Xr-TNT-Khai$0$HTKT_TN_D300,20.734,0.000,0.000,0.000,0.000
C8FC1D,AcDbPolyline,XR TNT$0$Xr-TNT-Khai$0$HTKT_TN_D300,27.843,0.000,0.000,0.000,0.000
C8FC1E,AcDbPolyline,XR TNT$0$Xr-TNT-Khai$0$HTKT_TN_D300,26.300,0.000,0.000,0.000,0.000
C8FC1F,AcDbPolyline,XR TNT$0$Xr-TNT-Khai$0$HTKT_TN_D300,26.300,0.000,0.000,0.000,0.000
C8FC20,AcDbPolyline,XR TNT$0$Xr-TNT-Khai$0$HTKT_TN_D300,27.867,0.000,0.000,0.000,0.000
C8FC21,AcDbPolyline,XR TNT$0$Xr-TNT-Khai$0$HTKT_TN_D300,20.587,0.000,0.000,0.000,0.000
C8FC22,AcDbPolyline,XR TNT$0$Xr-TNT-Khai$0$HTKT_TN_D300,19.898,0.000,0.000,0.000,0.000
C8FC23,AcDbPolyline,XR TNT$0$Xr-TNT-Khai$0$HTKT_TN_D300,28.415,0.000,0.000,0.000,0.000
C8FC24,AcDbPolyline,XR TNT$0$Xr-TNT-Khai$0$HTKT_TN_D300,26.489,0.000,0.000,0.000,0.000
C8FC25,AcDbPolyline,XR TNT$0$Xr-TNT-Khai$0$HTKT_TN_D300,26.300,0.000,0.000,0.000,0.000
C8FC26,AcDbPolyline,XR TNT$0$Xr-TNT-Khai$0$HTKT_TN_D300,27.736,0.000,0.000,0.000,0.000
C8FC27,AcDbPolyline,XR TNT$0$Xr-TNT-Khai$0$HTKT_TN_D300,20.685,0.000,0.000,0.000,0.000
C8FC28,AcDbPolyline,XR TNT$0$Xr-TNT-Khai$0$HTKT_TN_D300,20.241,0.000,0.000,0.000,0.000
C8FC29,AcDbPolyline,XR TNT$0$Xr-TNT-Khai$0$HTKT_TN_D300,29.065,0.000,0.000,0.000,0.000
C8FC2A,AcDbPolyline,XR TNT$0$Xr-TNT-Khai$0$HTKT_TN_D300,26.447,0.000,0.000,0.000,0.000
C8FC2B,AcDbPolyline,XR TNT$0$Xr-TNT-Khai$0$HTKT_TN_D300,26.300,0.000,0.000,0.000,0.000
C8FC2C,AcDbPolyline,XR TNT$0$Xr-TNT-Khai$0$HTKT_TN_D300,33.643,0.000,0.000,0.000,0.000
C8FC2D,AcDbPolyline,XR TNT$0$Xr-TNT-Khai$0$HTKT_TN_D300,35.841,0.000,0.000,0.000,0.000
C8FC2E,AcDbPolyline,XR TNT$0$Xr-TNT-Khai$0$HTKT_TN_D300,28.415,0.000,0.000,0.000,0.000
C8FC2F,AcDbPolyline,XR TNT$0$Xr-TNT-Khai$0$HTKT_TN_D300,26.489,0.000,0.000,0.000,0.000
C8FC30,AcDbPolyline,XR TNT$0$Xr-TNT-Khai$0$HTKT_TN_D300,26.300,0.000,0.000,0.000,0.000
C8FC31,AcDbPolyline,XR TNT$0$Xr-TNT-Khai$0$HTKT_TN_D300,26.300,0.000,0.000,0.000,0.000
C8FC32,AcDbPolyline,XR TNT$0$Xr-TNT-Khai$0$HTKT_TN_D300,26.301,0.000,0.000,0.000,0.000
C8FC33,AcDbPolyline,XR TNT$0$Xr-TNT-Khai$0$HTKT_TN_D300,26.299,0.000,0.000,0.000,0.000
C8FC34,AcDbPolyline,XR TNT$0$Xr-TNT-Khai$0$HTKT_TN_D300,26.000,0.000,0.000,0.000,0.000
C8FC35,AcDbPolyline,XR TNT$0$Xr-TNT-Khai$0$HTKT_TN_D300,23.058,0.000,0.000,0.000,0.000
C8FC36,AcDbPolyline,XR TNT$0$Xr-TNT-Khai$0$HTKT_TN_D300,20.568,0.000,0.000,0.000,0.000
C8FC37,AcDbPolyline,XR TNT$0$Xr-TNT-Khai$0$HTKT_TN_D300,21.500,0.000,0.000,0.000,0.000
C8FC38,AcDbPolyline,XR TNT$0$Xr-TNT-Khai$0$HTKT_TN_D300,17.000,0.000,0.000,0.000,0.000
C8FC39,AcDbPolyline,XR TNT$0$Xr-TNT-Khai$0$HTKT_TN_D300,18.513,0.000,0.000,0.000,0.000
C8FC3A,AcDbPolyline,XR TNT$0$Xr-TNT-Khai$0$HTKT_TN_D300,24.716,0.000,0.000,0.000,0.000
C8FC3B,AcDbPolyline,XR TNT$0$Xr-TNT-Khai$0$HTKT_TN_D300,26.000,0.000,0.000,0.000,0.000
C8FC3C,AcDbPolyline,XR TNT$0$Xr-TNT-Khai$0$HTKT_TN_D300,26.000,0.000,0.000,0.000,0.000
C8FC3D,AcDbPolyline,XR TNT$0$Xr-TNT-Khai$0$HTKT_TN_D300,26.000,0.000,0.000,0.000,0.000
C8FC3E,AcDbPolyline,XR TNT$0$Xr-TNT-Khai$0$HTKT_TN_D300,26.000,0.000,0.000,0.000,0.000
C8FC3F,AcDbPolyline,XR TNT$0$Xr-TNT-Khai$0$HTKT_TN_D300,26.000,0.000,0.000,0.000,0.000
C8FC40,AcDbPolyline,XR TNT$0$Xr-TNT-Khai$0$HTKT_TN_D300,26.530,0.000,0.000,0.000,0.000
C8FC41,AcDbPolyline,XR TNT$0$Xr-TNT-Khai$0$HTKT_TN_D300,17.205,0.000,0.000,0.000,0.000
C8FC42,AcDbPolyline,XR TNT$0$Xr-TNT-Khai$0$HTKT_TN_D300,26.300,0.000,0.000,0.000,0.000
C8FC43,AcDbPolyline,XR TNT$0$Xr-TNT-Khai$0$HTKT_TN_D300,23.300,0.000,0.000,0.000,0.000
C8FC44,AcDbPolyline,XR TNT$0$Xr-TNT-Khai$0$HTKT_TN_D300,23.300,0.000,0.000,0.000,0.000
C8FC45,AcDbPolyline,XR TNT$0$Xr-TNT-Khai$0$HTKT_TN_D300,23.311,0.000,0.000,0.000,0.000
C8FC46,AcDbPolyline,XR TNT$0$Xr-TNT-Khai$0$HTKT_TN_D300,15.308,0.000,0.000,0.000,0.000
C8FC47,AcDbPolyline,XR TNT$0$Xr-TNT-Khai$0$HTKT_TN_D300,13.196,0.000,0.000,0.000,0.000
C8FC48,AcDbPolyline,XR TNT$0$Xr-TNT-Khai$0$HTKT_TN_D300,23.799,0.000,0.000,0.000,0.000
C8FC49,AcDbPolyline,XR TNT$0$Xr-TNT-Khai$0$HTKT_TN_D300,23.581,0.000,0.000,0.000,0.000
C8FC4A,AcDbPolyline,XR TNT$0$Xr-TNT-Khai$0$HTKT_TN_D300,13.374,0.000,0.000,0.000,0.000
C8FC4B,AcDbPolyline,XR TNT$0$Xr-TNT-Khai$0$HTKT_TN_D300,15.298,0.000,0.000,0.000,0.000
C8FC4C,AcDbPolyline,XR TNT$0$Xr-TNT-Khai$0$HTKT_TN_D300,23.300,0.000,0.000,0.000,0.000
C8FC4D,AcDbPolyline,XR TNT$0$Xr-TNT-Khai$0$HTKT_TN_D300,23.290,0.000,0.000,0.000,0.000
C8FC4E,AcDbPolyline,XR TNT$0$Xr-TNT-Khai$0$HTKT_TN_D300,23.300,0.000,0.000,0.000,0.000
C8FC4F,AcDbPolyline,dim 300 ngang duong,10.655,0.000,0.000,0.000,0.000
C8FC50,AcDbPolyline,XR TNT$0$Xr-TNT-Khai$0$HTKT_TN_D300,23.394,0.000,0.000,0.000,0.000
C8FC51,AcDbPolyline,XR TNT$0$Xr-TNT-Khai$0$HTKT_TN_D300,23.300,0.000,0.000,0.000,0.000
C8FC52,AcDbPolyline,XR TNT$0$Xr-TNT-Khai$0$HTKT_TN_D300,23.300,0.000,0.000,0.000,0.000
C8FC53,AcDbPolyline,XR TNT$0$Xr-TNT-Khai$0$HTKT_TN_D300,15.301,0.000,0.000,0.000,0.000
C8FC54,AcDbPolyline,XR TNT$0$Xr-TNT-Khai$0$HTKT_TN_D300,13.237,0.000,0.000,0.000,0.000
C8FC55,AcDbPolyline,XR TNT$0$Xr-TNT-Khai$0$HTKT_TN_D300,23.917,0.000,0.000,0.000,0.000
C8FC56,AcDbPolyline,XR TNT$0$Xr-TNT-Khai$0$HTKT_TN_D300,23.939,0.000,0.000,0.000,0.000
C8FC57,AcDbPolyline,XR TNT$0$Xr-TNT-Khai$0$HTKT_TN_D300,12.905,0.000,0.000,0.000,0.000
C8FC58,AcDbPolyline,XR TNT$0$Xr-TNT-Khai$0$HTKT_TN_D300,15.276,0.000,0.000,0.000,0.000
C8FC59,AcDbPolyline,XR TNT$0$Xr-TNT-Khai$0$HTKT_TN_D300,23.304,0.000,0.000,0.000,0.000
C8FC5A,AcDbPolyline,XR TNT$0$Xr-TNT-Khai$0$HTKT_TN_D300,23.296,0.000,0.000,0.000,0.000
C8FC5B,AcDbPolyline,XR TNT$0$Xr-TNT-Khai$0$HTKT_TN_D300,23.394,0.000,0.000,0.000,0.000
C8FC5C,AcDbPolyline,dim 300 ngang duong,10.304,0.000,0.000,0.000,0.000
C8FC5D,AcDbPolyline,dim 300 ngang duong,18.158,0.000,0.000,0.000,0.000
C8FC5E,AcDbPolyline,XR TNT$0$Xr-TNT-Khai$0$HTKT_TN_D300,23.198,0.000,0.000,0.000,0.000
C8FC5F,AcDbPolyline,XR TNT$0$Xr-TNT-Khai$0$HTKT_TN_D300,23.702,0.000,0.000,0.000,0.000
C8FC60,AcDbPolyline,XR TNT$0$Xr-TNT-Khai$0$HTKT_TN_D300,25.994,0.000,0.000,0.000,0.000
C8FC61,AcDbPolyline,XR TNT$0$Xr-TNT-Khai$0$HTKT_TN_D300,29.000,0.000,0.000,0.000,0.000
C8FC62,AcDbPolyline,XR TNT$0$Xr-TNT-Khai$0$HTKT_TN_D300,29.000,0.000,0.000,0.000,0.000
C8FC63,AcDbPolyline,XR TNT$0$Xr-TNT-Khai$0$HTKT_TN_D300,29.000,0.000,0.000,0.000,0.000
C8FC64,AcDbPolyline,XR TNT$0$Xr-TNT-Khai$0$HTKT_TN_D300,28.963,0.000,0.000,0.000,0.000
C8FC65,AcDbPolyline,XR TNT$0$Xr-TNT-Khai$0$HTKT_TN_D300,26.151,0.000,0.000,0.000,0.000
C8FC66,AcDbPolyline,XR TNT$0$Xr-TNT-Khai$0$HTKT_TN_D300,26.300,0.000,0.000,0.000,0.000
C8FC67,AcDbPolyline,XR TNT$0$Xr-TNT-Khai$0$HTKT_TN_D300,26.300,0.000,0.000,0.000,0.000
C8FC68,AcDbPolyline,XR TNT$0$Xr-TNT-Khai$0$HTKT_TN_D300,17.300,0.000,0.000,0.000,0.000
C8FC69,AcDbPolyline,XR TNT$0$Xr-TNT-Khai$0$HTKT_TN_D300,28.460,0.000,0.000,0.000,0.000
C8FC6A,AcDbPolyline,XR TNT$0$Xr-TNT-Khai$0$HTKT_TN_D300,32.948,0.000,0.000,0.000,0.000
C8FC6B,AcDbPolyline,XR TNT$0$Xr-TNT-Khai$0$HTKT_TN_D300,18.064,0.000,0.000,0.000,0.000
C8FC6C,AcDbPolyline,XR TNT$0$Xr-TNT-Khai$0$HTKT_TN_D300,17.300,0.000,0.000,0.000,0.000
C8FC6D,AcDbPolyline,XR TNT$0$Xr-TNT-Khai$0$HTKT_TN_D300,26.300,0.000,0.000,0.000,0.000
C8FC6E,AcDbPolyline,XR TNT$0$Xr-TNT-Khai$0$HTKT_TN_D300,26.300,0.000,0.000,0.000,0.000
C8FC6F,AcDbPolyline,dim 300 ngang duong,34.799,0.000,0.000,0.000,0.000
C8FC70,AcDbPolyline,XR TNT$0$Xr-TNT-Khai$0$HTKT_TN_D300,26.000,0.000,0.000,0.000,0.000
C8FC71,AcDbPolyline,XR TNT$0$Xr-TNT-Khai$0$HTKT_TN_D300,26.000,0.000,0.000,0.000,0.000
C8FC72,AcDbPolyline,XR TNT$0$Xr-TNT-Khai$0$HTKT_TN_D300,26.000,0.000,0.000,0.000,0.000
C8FC73,AcDbPolyline,XR TNT$0$Xr-TNT-Khai$0$HTKT_TN_D300,27.675,0.000,0.000,0.000,0.000
C8FC74,AcDbPolyline,XR TNT$0$Xr-TNT-Khai$0$HTKT_TN_D300,33.596,0.000,0.000,0.000,0.000
C8FC75,AcDbPolyline,XR TNT$0$Xr-TNT-Khai$0$HTKT_TN_D300,15.431,0.000,0.000,0.000,0.000
C8FC76,AcDbPolyline,XR TNT$0$Xr-TNT-Khai$0$HTKT_TN_D300,26.300,0.000,0.000,0.000,0.000
C8FC77,AcDbPolyline,XR TNT$0$Xr-TNT-Khai$0$HTKT_TN_D300,26.300,0.000,0.000,0.000,0.000
C8FC78,AcDbPolyline,XR TNT$0$Xr-TNT-Khai$0$HTKT_TN_D300,26.300,0.000,0.000,0.000,0.000
C8FC79,AcDbPolyline,XR TNT$0$Xr-TNT-Khai$0$HTKT_TN_D300,29.294,0.000,0.000,0.000,0.000
C8FC7A,AcDbPolyline,XR TNT$0$Xr-TNT-Khai$0$HTKT_TN_D300,26.300,0.000,0.000,0.000,0.000
C8FC7B,AcDbPolyline,XR TNT$0$Xr-TNT-Khai$0$HTKT_TN_D300,26.264,0.000,0.000,0.000,0.000
C8FC7C,AcDbPolyline,XR TNT$0$Xr-TNT-Khai$0$HTKT_TN_D300,26.000,0.000,0.000,0.000,0.000
C8FC7D,AcDbPolyline,XR TNT$0$Xr-TNT-Khai$0$HTKT_TN_D300,25.963,0.000,0.000,0.000,0.000
C8FC7E,AcDbPolyline,XR TNT$0$Xr-TNT-Khai$0$HTKT_TN_D300,20.175,0.000,0.000,0.000,0.000
C8FC7F,AcDbPolyline,XR TNT$0$Xr-TNT-Khai$0$HTKT_TN_D300,21.743,0.000,0.000,0.000,0.000
C8FC80,AcDbPolyline,XR TNT$0$Xr-TNT-Khai$0$HTKT_TN_D300,20.397,0.000,0.000,0.000,0.000
C8FC81,AcDbPolyline,XR TNT$0$Xr-TNT-Khai$0$HTKT_TN_D300,22.916,0.000,0.000,0.000,0.000
C8FC82,AcDbPolyline,XR TNT$0$Xr-TNT-Khai$0$HTKT_TN_D300,26.000,0.000,0.000,0.000,0.000
C8FC83,AcDbPolyline,XR TNT$0$Xr-TNT-Khai$0$HTKT_TN_D300,26.300,0.000,0.000,0.000,0.000
C8FC84,AcDbPolyline,XR TNT$0$Xr-TNT-Khai$0$HTKT_TN_D300,26.300,0.000,0.000,0.000,0.000
C8FC85,AcDbPolyline,XR TNT$0$Xr-TNT-Khai$0$HTKT_TN_D300,26.300,0.000,0.000,0.000,0.000
C8FC86,AcDbPolyline,XR TNT$0$Xr-TNT-Khai$0$HTKT_TN_D300,26.300,0.000,0.000,0.000,0.000
C8FC87,AcDbPolyline,dim 300 ngang duong,11.163,0.000,0.000,0.000,0.000
C8FC88,AcDbPolyline,XR TNT$0$Xr-TNT-Khai$0$HTKT_TN_D300,27.396,0.000,0.000,0.000,0.000
C8FC89,AcDbPolyline,XR TNT$0$Xr-TNT-Khai$0$HTKT_TN_D300,17.276,0.000,0.000,0.000,0.000
C8FC8A,AcDbPolyline,XR TNT$0$Xr-TNT-Khai$0$HTKT_TN_D300,27.310,0.000,0.000,0.000,0.000
C8FC8B,AcDbPolyline,XR TNT$0$Xr-TNT-Khai$0$HTKT_TN_D300,17.291,0.000,0.000,0.000,0.000
C8FC8C,AcDbPolyline,XR TNT$0$Xr-TNT-Khai$0$HTKT_TN_D300,16.748,0.000,0.000,0.000,0.000
C8FC8D,AcDbPolyline,XR TNT$0$Xr-TNT-Khai$0$HTKT_TN_D300,23.438,0.000,0.000,0.000,0.000
C8FC8E,AcDbPolyline,XR TNT$0$Xr-TNT-Khai$0$HTKT_TN_D800,10.785,0.000,0.000,0.000,0.000
C8FC8F,AcDbPolyline,XR TNT$0$Xr-TNT-Khai$0$HTKT_TN_D300,29.309,0.000,0.000,0.000,0.000
C8FC90,AcDbPolyline,XR TNT$0$Xr-TNT-Khai$0$HTKT_TN_D300,26.218,0.000,0.000,0.000,0.000
C8FC91,AcDbPolyline,XR TNT$0$Xr-TNT-Khai$0$HTKT_TN_D300,25.945,0.000,0.000,0.000,0.000
C8FC92,AcDbPolyline,dim 300 ngang duong,32.889,0.000,0.000,0.000,0.000
C8FC93,AcDbPolyline,XR TNT$0$Xr-TNT-Khai$0$HTKT_TN_D300,27.300,0.000,0.000,0.000,0.000
C8FC94,AcDbPolyline,XR TNT$0$Xr-TNT-Khai$0$HTKT_TN_D300,27.300,0.000,0.000,0.000,0.000
C8FC95,AcDbPolyline,XR TNT$0$Xr-TNT-Khai$0$HTKT_TN_D300,25.000,0.000,0.000,0.000,0.000
C8FC96,AcDbPolyline,XR TNT$0$Xr-TNT-Khai$0$HTKT_TN_D300,27.600,0.000,0.000,0.000,0.000
C8FC97,AcDbPolyline,XR TNT$0$Xr-TNT-Khai$0$HTKT_TN_D300,28.136,0.000,0.000,0.000,0.000
C8FC98,AcDbPolyline,XR TNT$0$Xr-TNT-Khai$0$HTKT_TN_D300,22.310,0.000,0.000,0.000,0.000
C8FC99,AcDbPolyline,XR TNT$0$Xr-TNT-Khai$0$HTKT_TN_D300,30.000,0.000,0.000,0.000,0.000
C8FC9A,AcDbPolyline,XR TNT$0$Xr-TNT-Khai$0$HTKT_TN_D300,27.307,0.000,0.000,0.000,0.000
C8FC9B,AcDbPolyline,XR TNT$0$Xr-TNT-Khai$0$HTKT_TN_D300,27.293,0.000,0.000,0.000,0.000
C8FC9C,AcDbPolyline,XR TNT$0$Xr-TNT-Khai$0$HTKT_TN_D300,22.240,0.000,0.000,0.000,0.000
C8FC9D,AcDbPolyline,XR TNT$0$Xr-TNT-Khai$0$HTKT_TN_D300,27.300,0.000,0.000,0.000,0.000
C8FC9E,AcDbPolyline,XR TNT$0$Xr-TNT-Khai$0$HTKT_TN_D300,25.300,0.000,0.000,0.000,0.000
C8FC9F,AcDbPolyline,XR TNT$0$Xr-TNT-Khai$0$HTKT_TN_D300,14.001,0.000,0.000,0.000,0.000
C8FCA0,AcDbPolyline,XR TNT$0$Xr-TNT-Khai$0$HTKT_TN_D300,27.086,0.000,0.000,0.000,0.000
C8FCA1,AcDbPolyline,XR TNT$0$Xr-TNT-Khai$0$HTKT_TN_D300,19.307,0.000,0.000,0.000,0.000
C8FCA2,AcDbPolyline,XR TNT$0$Xr-TNT-Khai$0$HTKT_TN_D300,25.300,0.000,0.000,0.000,0.000
C8FCA3,AcDbPolyline,XR TNT$0$Xr-TNT-Khai$0$HTKT_TN_D300,27.300,0.000,0.000,0.000,0.000
C8FCA4,AcDbPolyline,XR TNT$0$Xr-TNT-Khai$0$HTKT_TN_D300,22.240,0.000,0.000,0.000,0.000
C8FCA5,AcDbPolyline,XR TNT$0$Xr-TNT-Khai$0$HTKT_TN_D300,27.300,0.000,0.000,0.000,0.000
C8FCA6,AcDbPolyline,XR TNT$0$Xr-TNT-Khai$0$HTKT_TN_D300,22.258,0.000,0.000,0.000,0.000
C8FCA7,AcDbPolyline,XR TNT$0$Xr-TNT-Khai$0$HTKT_TN_D300,30.342,0.000,0.000,0.000,0.000
C8FCA8,AcDbPolyline,XR TNT$0$Xr-TNT-Khai$0$HTKT_TN_D300,27.366,0.000,0.000,0.000,0.000
C8FCA9,AcDbPolyline,XR TNT$0$Xr-TNT-Khai$0$HTKT_TN_D300,27.118,0.000,0.000,0.000,0.000
C8FCAA,AcDbPolyline,XR TNT$0$Xr-TNT-Khai$0$HTKT_TN_D300,27.926,0.000,0.000,0.000,0.000
C8FCAB,AcDbPolyline,XR TNT$0$Xr-TNT-Khai$0$HTKT_TN_D300,30.342,0.000,0.000,0.000,0.000
C8FCAC,AcDbPolyline,XR TNT$0$Xr-TNT-Khai$0$HTKT_TN_D300,22.258,0.000,0.000,0.000,0.000
C8FCAD,AcDbPolyline,XR TNT$0$Xr-TNT-Khai$0$HTKT_TN_D300,27.300,0.000,0.000,0.000,0.000
C8FCAE,AcDbPolyline,XR TNT$0$Xr-TNT-Khai$0$HTKT_TN_D300,27.288,0.000,0.000,0.000,0.000
C8FCAF,AcDbPolyline,XR TNT$0$Xr-TNT-Khai$0$HTKT_TN_D300,22.258,0.000,0.000,0.000,0.000
C8FCB0,AcDbPolyline,XR TNT$0$Xr-TNT-Khai$0$HTKT_TN_D300,30.342,0.000,0.000,0.000,0.000
C8FCB1,AcDbPolyline,XR TNT$0$Xr-TNT-Khai$0$HTKT_TN_D300,27.363,0.000,0.000,0.000,0.000
C8FCB2,AcDbPolyline,XR TNT$0$Xr-TNT-Khai$0$HTKT_TN_D300,27.772,0.000,0.000,0.000,0.000
C8FCB3,AcDbPolyline,XR TNT$0$Xr-TNT-Khai$0$HTKT_TN_D300,27.018,0.000,0.000,0.000,0.000
C8FCB4,AcDbPolyline,XR TNT$0$Xr-TNT-Khai$0$HTKT_TN_D300,30.342,0.000,0.000,0.000,0.000
C8FCB5,AcDbPolyline,XR TNT$0$Xr-TNT-Khai$0$HTKT_TN_D300,22.258,0.000,0.000,0.000,0.000
C8FCB6,AcDbPolyline,XR TNT$0$Xr-TNT-Khai$0$HTKT_TN_D300,27.246,0.000,0.000,0.000,0.000
C8FCB7,AcDbPolyline,XR TNT$0$Xr-TNT-Khai$0$HTKT_TN_D300,41.953,0.000,0.000,0.000,0.000
C8FCB8,AcDbPolyline,XR TNT$0$Xr-TNT-Khai$0$HTKT_TN_D300,24.001,0.000,0.000,0.000,0.000
C8FCB9,AcDbPolyline,XR TNT$0$Xr-TNT-Khai$0$HTKT_TN_D300,30.301,0.000,0.000,0.000,0.000
C8FCBA,AcDbPolyline,XR TNT$0$Xr-TNT-Khai$0$HTKT_TN_D300,22.300,0.000,0.000,0.000,0.000
C8FCBB,AcDbPolyline,XR TNT$0$Xr-TNT-Khai$0$HTKT_TN_D300,27.300,0.000,0.000,0.000,0.000
C8FCBC,AcDbPolyline,XR TNT$0$Xr-TNT-Khai$0$HTKT_TN_D300,25.300,0.000,0.000,0.000,0.000
C8FCBD,AcDbPolyline,XR TNT$0$Xr-TNT-Khai$0$HTKT_TN_D300,19.301,0.000,0.000,0.000,0.000
C8FCBE,AcDbPolyline,XR TNT$0$Xr-TNT-Khai$0$HTKT_TN_D300,31.661,0.000,0.000,0.000,0.000
C8FCBF,AcDbPolyline,XR TNT$0$Xr-TNT-Khai$0$HTKT_TN_D300,20.947,0.000,0.000,0.000,0.000
C8FCC0,AcDbPolyline,XR TNT$0$Xr-TNT-Khai$0$HTKT_TN_D300,25.300,0.000,0.000,0.000,0.000
C8FCC1,AcDbPolyline,XR TNT$0$Xr-TNT-Khai$0$HTKT_TN_D300,25.300,0.000,0.000,0.000,0.000
C8FCC2,AcDbPolyline,XR TNT$0$Xr-TNT-Khai$0$HTKT_TN_D300,22.602,0.000,0.000,0.000,0.000
C8FCC3,AcDbPolyline,XR TNT$0$Xr-TNT-Khai$0$HTKT_TN_D300,27.318,0.000,0.000,0.000,0.000
C8FCC4,AcDbPolyline,XR TNT$0$Xr-TNT-Khai$0$HTKT_TN_D300,21.637,0.000,0.000,0.000,0.000
C8FCC5,AcDbPolyline,XR TNT$0$Xr-TNT-Khai$0$HTKT_TN_D300,25.300,0.000,0.000,0.000,0.000
C8FCC6,AcDbPolyline,XR TNT$0$Xr-TNT-Khai$0$HTKT_TN_D300,24.300,0.000,0.000,0.000,0.000
C8FCC7,AcDbPolyline,XR TNT$0$Xr-TNT-Khai$0$HTKT_TN_D300,25.300,0.000,0.000,0.000,0.000
C8FCC8,AcDbPolyline,XR TNT$0$Xr-TNT-Khai$0$HTKT_TN_D300,25.300,0.000,0.000,0.000,0.000
C8FCC9,AcDbPolyline,XR TNT$0$Xr-TNT-Khai$0$HTKT_TN_D300,26.385,0.000,0.000,0.000,0.000
C8FCCA,AcDbPolyline,XR TNT$0$Xr-TNT-Khai$0$HTKT_TN_D300,28.355,0.000,0.000,0.000,0.000
C8FCCB,AcDbPolyline,XR TNT$0$Xr-TNT-Khai$0$HTKT_TN_D300,24.000,0.000,0.000,0.000,0.000
C8FCCC,AcDbPolyline,XR TNT$0$Xr-TNT-Khai$0$HTKT_TN_D300,25.300,0.000,0.000,0.000,0.000
C8FCCD,AcDbPolyline,XR TNT$0$Xr-TNT-Khai$0$HTKT_TN_D300,22.300,0.000,0.000,0.000,0.000
C8FCCE,AcDbPolyline,XR TNT$0$Xr-TNT-Khai$0$HTKT_TN_D300,27.300,0.000,0.000,0.000,0.000
C8FCCF,AcDbPolyline,XR TNT$0$Xr-TNT-Khai$0$HTKT_TN_D300,26.334,0.000,0.000,0.000,0.000
C8FCD0,AcDbPolyline,XR TNT$0$Xr-TNT-Khai$0$HTKT_TN_D300,26.298,0.000,0.000,0.000,0.000
C8FCD1,AcDbPolyline,XR TNT$0$Xr-TNT-Khai$0$HTKT_TN_D300,17.300,0.000,0.000,0.000,0.000
C8FCD2,AcDbPolyline,XR TNT$0$Xr-TNT-Khai$0$HTKT_TN_D300,18.300,0.000,0.000,0.000,0.000
C8FCD3,AcDbPolyline,XR TNT$0$Xr-TNT-Khai$0$HTKT_TN_D300,20.578,0.000,0.000,0.000,0.000
C8FCD4,AcDbPolyline,XR TNT$0$Xr-TNT-Khai$0$HTKT_TN_D300,20.284,0.000,0.000,0.000,0.000
C8FCD5,AcDbPolyline,XR TNT$0$Xr-TNT-Khai$0$HTKT_TN_D300,18.302,0.000,0.000,0.000,0.000
C8FCD6,AcDbPolyline,XR TNT$0$Xr-TNT-Khai$0$HTKT_TN_D300,17.300,0.000,0.000,0.000,0.000
C8FCD7,AcDbPolyline,XR TNT$0$Xr-TNT-Khai$0$HTKT_TN_D300,26.301,0.000,0.000,0.000,0.000
C8FCD8,AcDbPolyline,XR TNT$0$Xr-TNT-Khai$0$HTKT_TN_D300,26.307,0.000,0.000,0.000,0.000
C8FCD9,AcDbPolyline,XR TNT$0$Xr-TNT-Khai$0$HTKT_TN_D300,26.313,0.000,0.000,0.000,0.000
C8FCDA,AcDbPolyline,XR TNT$0$Xr-TNT-Khai$0$HTKT_TN_D300,26.309,0.000,0.000,0.000,0.000
C8FCDB,AcDbPolyline,XR TNT$0$Xr-TNT-Khai$0$HTKT_TN_D300,17.300,0.000,0.000,0.000,0.000
C8FCDC,AcDbPolyline,XR TNT$0$Xr-TNT-Khai$0$HTKT_TN_D300,18.919,0.000,0.000,0.000,0.000
C8FCDD,AcDbPolyline,XR TNT$0$Xr-TNT-Khai$0$HTKT_TN_D300,19.897,0.000,0.000,0.000,0.000
C8FCDE,AcDbPolyline,XR TNT$0$Xr-TNT-Khai$0$HTKT_TN_D300,17.025,0.000,0.000,0.000,0.000
C8FCDF,AcDbPolyline,XR TNT$0$Xr-TNT-Khai$0$HTKT_TN_D300,17.300,0.000,0.000,0.000,0.000
C8FCE0,AcDbPolyline,XR TNT$0$Xr-TNT-Khai$0$HTKT_TN_D300,26.298,0.000,0.000,0.000,0.000
C8FCE1,AcDbPolyline,XR TNT$0$Xr-TNT-Khai$0$HTKT_TN_D300,17.277,0.000,0.000,0.000,0.000
C8FCE2,AcDbPolyline,dim 300 ngang duong,10.384,0.000,0.000,0.000,0.000
C8FCE3,AcDbPolyline,XR TNT$0$Xr-TNT-Khai$0$HTKT_TN_D300,24.300,0.000,0.000,0.000,0.000
C8FCE4,AcDbPolyline,XR TNT$0$Xr-TNT-Khai$0$HTKT_TN_D300,25.300,0.000,0.000,0.000,0.000
C8FCE5,AcDbPolyline,XR TNT$0$Xr-TNT-Khai$0$HTKT_TN_D300,25.300,0.000,0.000,0.000,0.000
C8FCE6,AcDbPolyline,XR TNT$0$Xr-TNT-Khai$0$HTKT_TN_D300,22.161,0.000,0.000,0.000,0.000
C8FCE7,AcDbPolyline,XR TNT$0$Xr-TNT-Khai$0$HTKT_TN_D300,36.742,0.000,0.000,0.000,0.000
C8FCE8,AcDbPolyline,XR TNT$0$Xr-TNT-Khai$0$HTKT_TN_D300,21.466,0.000,0.000,0.000,0.000
C8FCE9,AcDbPolyline,XR TNT$0$Xr-TNT-Khai$0$HTKT_TN_D300,25.300,0.000,0.000,0.000,0.000
C8FCEA,AcDbPolyline,XR TNT$0$Xr-TNT-Khai$0$HTKT_TN_D300,22.300,0.000,0.000,0.000,0.000
C8FCEB,AcDbPolyline,XR TNT$0$Xr-TNT-Khai$0$HTKT_TN_D300,27.300,0.000,0.000,0.000,0.000
C8FCEC,AcDbPolyline,XR TNT$0$Xr-TNT-Khai$0$HTKT_TN_D300,17.276,0.000,0.000,0.000,0.000
C8FCED,AcDbPolyline,XR TNT$0$Xr-TNT-Khai$0$HTKT_TN_D300,24.216,0.000,0.000,0.000,0.000
C8FCEE,AcDbPolyline,XR TNT$0$Xr-TNT-Khai$0$HTKT_TN_D300,29.748,0.000,0.000,0.000,0.000
C8FCEF,AcDbPolyline,XR TNT$0$Xr-TNT-Khai$0$HTKT_TN_D300,20.974,0.000,0.000,0.000,0.000
C8FCF0,AcDbPolyline,XR TNT$0$Xr-TNT-Khai$0$HTKT_TN_D300,20.300,0.000,0.000,0.000,0.000
C8FCF1,AcDbPolyline,XR TNT$0$Xr-TNT-Khai$0$HTKT_TN_D300,27.300,0.000,0.000,0.000,0.000
C8FCF2,AcDbPolyline,XR TNT$0$Xr-TNT-Khai$0$HTKT_TN_D300,22.300,0.000,0.000,0.000,0.000
C8FCF3,AcDbPolyline,XR TNT$0$Xr-TNT-Khai$0$HTKT_TN_D300,25.300,0.000,0.000,0.000,0.000
C8FCF4,AcDbPolyline,XR TNT$0$Xr-TNT-Khai$0$HTKT_TN_D300,24.300,0.000,0.000,0.000,0.000
C8FCF5,AcDbPolyline,XR TNT$0$Xr-TNT-Khai$0$HTKT_TN_D300,34.994,0.000,0.000,0.000,0.000
C8FCF6,AcDbPolyline,XR TNT$0$Xr-TNT-Khai$0$HTKT_TN_D300,19.301,0.000,0.000,0.000,0.000
C8FCF7,AcDbPolyline,XR TNT$0$Xr-TNT-Khai$0$HTKT_TN_D300,25.300,0.000,0.000,0.000,0.000
C8FCF8,AcDbPolyline,XR TNT$0$Xr-TNT-Khai$0$HTKT_TN_D300,25.300,0.000,0.000,0.000,0.000
C8FCF9,AcDbPolyline,XR TNT$0$Xr-TNT-Khai$0$HTKT_TN_D300,24.300,0.000,0.000,0.000,0.000
C8FCFA,AcDbPolyline,dim 300 ngang duong,12.394,0.000,0.000,0.000,0.000
C8FCFB,AcDbPolyline,XR TNT$0$Xr-TNT-Khai$0$HTKT_TN_D300,27.300,0.000,0.000,0.000,0.000
C8FCFC,AcDbPolyline,XR TNT$0$Xr-TNT-Khai$0$HTKT_TN_D300,20.263,0.000,0.000,0.000,0.000
C8FCFD,AcDbPolyline,XR TNT$0$Xr-TNT-Khai$0$HTKT_TN_D300,27.300,0.000,0.000,0.000,0.000
C8FCFE,AcDbPolyline,XR TNT$0$Xr-TNT-Khai$0$HTKT_TN_D300,19.847,0.000,0.000,0.000,0.000
C8FCFF,AcDbPolyline,dim 300 ngang duong,10.384,0.000,0.000,0.000,0.000
C8FD00,AcDbPolyline,dim 300 ngang duong,16.466,0.000,0.000,0.000,0.000
C8FD01,AcDbPolyline,dim 300 ngang duong,11.330,0.000,0.000,0.000,0.000
C8FD02,AcDbPolyline,dim 300 ngang duong,10.312,0.000,0.000,0.000,0.000
C8FD03,AcDbPolyline,dim 300 ngang duong,10.701,0.000,0.000,0.000,0.000
C8FD04,AcDbPolyline,dim 300 ngang duong,10.392,0.000,0.000,0.000,0.000
C8FD05,AcDbPolyline,dim 300 ngang duong,10.422,0.000,0.000,0.000,0.000
C8FD06,AcDbPolyline,dim 300 ngang duong,10.452,0.000,0.000,0.000,0.000
C8FD07,AcDbPolyline,dim 300 ngang duong,10.307,0.000,0.000,0.000,0.000
C8FD08,AcDbPolyline,dim 300 ngang duong,10.632,0.000,0.000,0.000,0.000
C8FD09,AcDbPolyline,XR TNT$0$Xr-TNT-Khai$0$HTKT_TN_D300,22.300,0.000,0.000,0.000,0.000
C8FD0A,AcDbPolyline,XR TNT$0$Xr-TNT-Khai$0$HTKT_TN_D300,26.657,0.000,0.000,0.000,0.000
C8FD0B,AcDbPolyline,XR TNT$0$Xr-TNT-Khai$0$HTKT_TN_D300,25.354,0.000,0.000,0.000,0.000
C8FD0C,AcDbPolyline,XR TNT$0$Xr-TNT-Khai$0$HTKT_TN_D300,25.988,0.000,0.000,0.000,0.000
C8FD0D,AcDbPolyline,XR TNT$0$Xr-TNT-Khai$0$HTKT_TN_D300,22.300,0.000,0.000,0.000,0.000
C8FD0E,AcDbPolyline,dim 300 ngang duong,10.395,0.000,0.000,0.000,0.000
C8FD0F,AcDbPolyline,dim 300 ngang duong,10.460,0.000,0.000,0.000,0.000
C8FD10,AcDbPolyline,dim 300 ngang duong,10.492,0.000,0.000,0.000,0.000
C8FD11,AcDbPolyline,dim 300 ngang duong,10.274,0.000,0.000,0.000,0.000
C8FD12,AcDbPolyline,XR TNT$0$Xr-TNT-Khai$0$HTKT_TN_D300,25.300,0.000,0.000,0.000,0.000
C8FD13,AcDbPolyline,XR TNT$0$Xr-TNT-Khai$0$HTKT_TN_D300,24.300,0.000,0.000,0.000,0.000
C8FD14,AcDbPolyline,XR TNT$0$Xr-TNT-Khai$0$HTKT_TN_D300,25.300,0.000,0.000,0.000,0.000
C8FD15,AcDbPolyline,XR TNT$0$Xr-TNT-Khai$0$HTKT_TN_D300,24.300,0.000,0.000,0.000,0.000
C8FDCC,AcDbPolyline,XR TNT$0$Xr-TNT-Khai$0$HTKT_TN_D300,10.314,0.000,0.000,0.000,0.000
C8FDCD,AcDbPolyline,XR TNT$0$Xr-TNT-Khai$0$HTKT_TN_D300,34.816,0.000,0.000,0.000,0.000
C8FDCE,AcDbPolyline,XR TNT$0$Xr-TNT-Khai$0$HTKT_TN_D300,27.300,0.000,0.000,0.000,0.000
C8FDCF,AcDbPolyline,XR TNT$0$Xr-TNT-Khai$0$HTKT_TN_D300,27.300,0.000,0.000,0.000,0.000
C8FFF1,AcDbPolyline,XR TNT$0$Xr-TNT-Khai$0$HTKT_TN_D300,27.486,0.000,0.000,0.000,0.000
C8FFF2,AcDbPolyline,XR TNT$0$Xr-TNT-Khai$0$HTKT_TN_D300,25.300,0.000,0.000,0.000,0.000
C8FFF3,AcDbPolyline,XR TNT$0$Xr-TNT-Khai$0$HTKT_TN_D300,27.300,0.000,0.000,0.000,0.000
C8FFF4,AcDbPolyline,XR TNT$0$Xr-TNT-Khai$0$HTKT_TN_D300,22.300,0.000,0.000,0.000,0.000
C9016D,AcDbPolyline,XR TNT$0$Xr-TNT-Khai$0$HTKT_TN_D300,27.845,0.000,0.000,0.000,0.000
C9016E,AcDbPolyline,XR TNT$0$Xr-TNT-Khai$0$HTKT_TN_D800,5.145,0.000,0.000,0.000,0.000
C9016F,AcDbPolyline,XR TNT$0$Xr-TNT-Khai$0$HTKT_TN_D800,2.600,0.000,0.000,0.000,0.000
C9A451,AcDbPolyline,XR TNT$0$Xr-TNT-Khai$0$HTKT_TN_Ống có áp,296.793,0.000,0.000,0.000,0.000
C9A453,AcDbPolyline,XR TNT$0$Xr-TNT-Khai$0$HTKT_TN_Ống có áp,532.309,0.000,0.000,0.000,0.000
C9A454,AcDbPolyline,XR TNT$0$Xr-TNT-Khai$0$HTKT_TN_Ống có áp,445.896,0.000,0.000,0.000,0.000
C9A455,AcDbPolyline,XR TNT$0$Xr-TNT-Khai$0$HTKT_TN_Ống có áp,24.000,0.000,0.000,0.000,0.000
C9A456,AcDbPolyline,XR TNT$0$Xr-TNT-Khai$0$HTKT_TN_Ống có áp,52.130,0.000,0.000,0.000,0.000
C9A57E,AcDbPolyline,dim 800 ngang duong,20.753,0.000,0.000,0.000,0.000
C9A57F,AcDbPolyline,XR TNT$0$Xr-TNT-Khai$0$HTKT_TN_D800,17.738,0.000,0.000,0.000,0.000
C9A580,AcDbPolyline,XR TNT$0$Xr-TNT-Khai$0$HTKT_TN_D800,16.557,0.000,0.000,0.000,0.000
C9A581,AcDbLine,HTKT_GT_Heduong,119.943,584970.379,2305366.457,585037.180,2305266.838
C9A582,AcDbLine,HTKT_GT_Heduong,119.943,584970.877,2305366.791,585037.678,2305267.172
C9A583,AcDbLine,HTKT_GT_Heduong,119.943,584940.479,2305346.407,585007.280,2305246.788
C9A584,AcDbLine,HTKT_GT_Heduong,119.943,584939.980,2305346.073,585006.782,2305246.454
C9A585,AcDbLine,HTKT_GT_Heduong,119.943,584929.682,2305339.167,584996.483,2305239.548
C9A586,AcDbLine,HTKT_GT_Heduong,119.943,584930.180,2305339.501,584996.981,2305239.882
C9A587,AcDbLine,HTKT_GT_Heduong,119.943,584981.176,2305373.697,585047.977,2305274.078
C9A588,AcDbLine,HTKT_GT_Heduong,119.943,584980.677,2305373.363,585047.479,2305273.744
C9A589,AcDbLine,HTKT_GT_Heduong,119.943,585011.076,2305393.747,585077.877,2305294.128
C9A58A,AcDbLine,HTKT_GT_Heduong,119.943,585011.574,2305394.081,585078.375,2305294.462
C9A58B,AcDbLine,HTKT_GT_Heduong,119.943,585103.267,2305455.568,585170.068,2305355.949
C9A58C,AcDbLine,HTKT_GT_Heduong,119.943,585092.470,2305448.327,585159.271,2305348.708
C9A58D,AcDbLine,HTKT_GT_Heduong,119.943,585062.570,2305428.277,585129.371,2305328.659
C9A58E,AcDbLine,HTKT_GT_Heduong,119.943,585051.773,2305421.037,585118.574,2305321.418
C9A58F,AcDbLine,HTKT_GT_Heduong,119.943,585021.873,2305400.987,585088.674,2305301.368
C9A590,AcDbLine,HTKT_GT_Heduong,119.943,585021.374,2305400.653,585088.176,2305301.034
C9A591,AcDbPolyline,dim 300 ngang duong,26.001,0.000,0.000,0.000,0.000
C9A592,AcDbPolyline,dim 300 ngang duong,31.289,0.000,0.000,0.000,0.000
C9A593,AcDbPolyline,dim 300 ngang duong,21.995,0.000,0.000,0.000,0.000
C9A594,AcDbPolyline,XR TNT$0$Xr-TNT-Khai$0$HTKT_TN_D300,24.034,0.000,0.000,0.000,0.000
C9A5AF,AcDbPolyline,XR TNT$0$Xr-TNT-Khai$0$HTKT_TN_D800,8.292,0.000,0.000,0.000,0.000
C9A5CA,AcDbPolyline,XR TNT$0$Xr-TNT-Khai$0$HTKT_TN_D800,6.955,0.000,0.000,0.000,0.000
C9A5E9,AcDbPolyline,XR TNT$0$Xr-TNT-Khai$0$HTKT_TN_D800,6.733,0.000,0.000,0.000,0.000
C9A5EA,AcDbPolyline,XR TNT$0$Xr-TNT-Khai$0$HTKT_TN_D800,26.136,0.000,0.000,0.000,0.000
C9A607,AcDbPolyline,XR TNT$0$Xr-TNT-Khai$0$HTKT_TN_D800,6.529,0.000,0.000,0.000,0.000
C9A623,AcDbPolyline,XR TNT$0$Xr-TNT-Khai$0$HTKT_TN_D800,6.702,0.000,0.000,0.000,0.000
C9A624,AcDbPolyline,XR TNT$0$Xr-TNT-Khai$0$HTKT_TN_D800,26.166,0.000,0.000,0.000,0.000
C9A641,AcDbPolyline,XR TNT$0$Xr-TNT-Khai$0$HTKT_TN_D800,6.427,0.000,0.000,0.000,0.000
C9A65C,AcDbPolyline,XR TNT$0$Xr-TNT-Khai$0$HTKT_TN_D800,6.673,0.000,0.000,0.000,0.000
C9A65D,AcDbPolyline,XR TNT$0$Xr-TNT-Khai$0$HTKT_TN_D800,26.147,0.000,0.000,0.000,0.000
C9A679,AcDbPolyline,XR TNT$0$Xr-TNT-Khai$0$HTKT_TN_D800,6.765,0.000,0.000,0.000,0.000
C9A695,AcDbPolyline,XR TNT$0$Xr-TNT-Khai$0$HTKT_TN_D800,26.013,0.000,0.000,0.000,0.000
C9A696,AcDbPolyline,XR TNT$0$Xr-TNT-Khai$0$HTKT_TN_D800,6.716,0.000,0.000,0.000,0.000
C9A6B3,AcDbPolyline,XR TNT$0$Xr-TNT-Khai$0$HTKT_TN_D800,6.453,0.000,0.000,0.000,0.000
C9A6B5,AcDbPolyline,dim 800 ngang duong,18.663,0.000,0.000,0.000,0.000
C9A6BA,AcDbPolyline,dim 300 ngang duong,20.559,0.000,0.000,0.000,0.000
C9A725,AcDbPolyline,dim 300 ngang duong,20.674,0.000,0.000,0.000,0.000
C9A754,AcDbPolyline,XR TNT$0$Xr-TNT-Khai$0$HTKT_TN_D300,21.858,0.000,0.000,0.000,0.000
C9A755,AcDbPolyline,XR TNT$0$Xr-TNT-Khai$0$HTKT_TN_D300,21.750,0.000,0.000,0.000,0.000
C9A756,AcDbPolyline,XR TNT$0$Xr-TNT-Khai$0$HTKT_TN_D300,27.579,0.000,0.000,0.000,0.000
C9A757,AcDbPolyline,XR TNT$0$Xr-TNT-Khai$0$HTKT_TN_D300,30.705,0.000,0.000,0.000,0.000
C9A759,AcDbPolyline,XR TNT$0$Xr-TNT-Khai$0$HTKT_TN_D300,33.050,0.000,0.000,0.000,0.000
