Mã cây,Đường kính Ø (mm),Thanh cắt (Mark),Chiều dài cắt (m),Thừa cuối cây (m),Mã cây gốc (11.7m)
C1,14,Mố M2:G5A,5.38,0.0,11.7
C1,14,Gờ lan can BTCT:G1A,4.12,0.0,11.7
C1,14,Mố M1:A7,1.585,0.0,11.7
C1,14,Bản mặt cầu (Deck Slab):DR1,0.6,0.0,11.7
C2,14,Mố M2:G5A,5.38,0.0,11.7
C2,14,Gờ lan can BTCT:G1A,4.12,0.0,11.7
C2,14,Mố M1:A7,1.585,0.0,11.7
C2,14,Bản mặt cầu (Deck Slab):DR1,0.6,0.0,11.7
C3,14,Mố M2:G5A,5.38,0.0,11.7
C3,14,Gờ lan can BTCT:G1A,4.12,0.0,11.7
C3,14,Mố M1:A7,1.585,0.0,11.7
C3,14,Bản mặt cầu (Deck Slab):DR1,0.6,0.0,11.7
C4,14,Mố M2:G5A,5.38,0.0,11.7
C4,14,Gờ lan can BTCT:G1A,4.12,0.0,11.7
C4,14,Mố M1:A7,1.585,0.0,11.7
C4,14,Bản mặt cầu (Deck Slab):DR1,0.6,0.0,11.7
C5,14,Mố M2:G5A,5.38,0.0,11.7
C5,14,Gờ lan can BTCT:G1A,4.12,0.0,11.7
C5,14,Mố M1:A7,1.585,0.0,11.7
C5,14,Bản mặt cầu (Deck Slab):DR1,0.6,0.0,11.7
C6,14,Mố M2:G5A,5.38,0.0,11.7
C6,14,Gờ lan can BTCT:G1A,4.12,0.0,11.7
C6,14,Mố M1:A7,1.585,0.0,11.7
C6,14,Bản mặt cầu (Deck Slab):DR1,0.6,0.0,11.7
C7,14,Mố M2:G5A,5.38,0.0,11.7
C7,14,Gờ lan can BTCT:G1A,4.12,0.0,11.7
C7,14,Mố M1:A7,1.585,0.0,11.7
C7,14,Bản mặt cầu (Deck Slab):DR1,0.6,0.0,11.7
C8,14,Mố M2:G5A,5.38,0.0,11.7
C8,14,Gờ lan can BTCT:G1A,4.12,0.0,11.7
C8,14,Mố M1:A7,1.585,0.0,11.7
C8,14,Bản mặt cầu (Deck Slab):DR1,0.6,0.0,11.7
C9,14,Mố M2:G5A,5.38,0.0,11.7
C9,14,Gờ lan can BTCT:G1A,4.12,0.0,11.7
C9,14,Mố M1:A7,1.585,0.0,11.7
C9,14,Bản mặt cầu (Deck Slab):DR1,0.6,0.0,11.7
C10,14,Mố M2:G5A,5.38,0.0,11.7
C10,14,Gờ lan can BTCT:G1A,4.12,0.0,11.7
C10,14,Mố M1:A7,1.585,0.0,11.7
C10,14,Bản mặt cầu (Deck Slab):DR1,0.6,0.0,11.7
C11,14,Mố M2:G5A,5.38,0.0,11.7
C11,14,Gờ lan can BTCT:G1A,4.12,0.0,11.7
C11,14,Mố M1:A7,1.585,0.0,11.7
C11,14,Bản mặt cầu (Deck Slab):DR1,0.6,0.0,11.7
C12,14,Mố M2:G5A,5.38,0.0,11.7
C12,14,Gờ lan can BTCT:G1A,4.12,0.0,11.7
C12,14,Mố M1:A7,1.585,0.0,11.7
C12,14,Bản mặt cầu (Deck Slab):DR1,0.6,0.0,11.7
C13,14,Mố M2:G5A,5.38,0.0,11.7
C13,14,Gờ lan can BTCT:G1A,4.12,0.0,11.7
C13,14,Mố M1:A7,1.585,0.0,11.7
C13,14,Bản mặt cầu (Deck Slab):DR1,0.6,0.0,11.7
C14,14,Mố M2:G5A,5.38,0.0,11.7
C14,14,Gờ lan can BTCT:G1A,4.12,0.0,11.7
C14,14,Mố M1:A7,1.585,0.0,11.7
C14,14,Bản mặt cầu (Deck Slab):DR1,0.6,0.0,11.7
C15,14,Mố M2:G5A,5.38,0.0,11.7
C15,14,Gờ lan can BTCT:G1A,4.12,0.0,11.7
C15,14,Mố M1:A7,1.585,0.0,11.7
C15,14,Bản mặt cầu (Deck Slab):DR1,0.6,0.0,11.7
C16,14,Mố M2:G5A,5.38,0.0,11.7
C16,14,Gờ lan can BTCT:G1A,4.12,0.0,11.7
C16,14,Mố M1:A7,1.585,0.0,11.7
C16,14,Bản mặt cầu (Deck Slab):DR1,0.6,0.0,11.7
C17,14,Mố M2:G5A,5.38,0.0,11.7
C17,14,Gờ lan can BTCT:G1A,4.12,0.0,11.7
C17,14,Mố M1:A7,1.585,0.0,11.7
C17,14,Bản mặt cầu (Deck Slab):DR1,0.6,0.0,11.7
C18,14,Mố M2:G5A,5.38,0.0,11.7
C18,14,Gờ lan can BTCT:G1A,4.12,0.0,11.7
C18,14,Mố M1:A7,1.585,0.0,11.7
C18,14,Bản mặt cầu (Deck Slab):DR1,0.6,0.0,11.7
C19,14,Mố M2:G5A,5.38,0.0,11.7
C19,14,Gờ lan can BTCT:G1A,4.12,0.0,11.7
C19,14,Mố M1:A7,1.585,0.0,11.7
C19,14,Bản mặt cầu (Deck Slab):DR1,0.6,0.0,11.7
C20,14,Mố M2:G5A,5.38,0.0,11.7
C20,14,Gờ lan can BTCT:G5A,4.12,0.0,11.7
C20,14,Mố M1:A7,1.585,0.0,11.7
C20,14,Bản mặt cầu (Deck Slab):DR1,0.6,0.0,11.7
C21,14,Mố M2:G5A,5.38,0.0,11.7
C21,14,Gờ lan can BTCT:G5A,4.12,0.0,11.7
C21,14,Mố M1:A7,1.585,0.0,11.7
C21,14,Bản mặt cầu (Deck Slab):DR1,0.6,0.0,11.7
C22,14,Mố M2:G5A,5.38,0.0,11.7
C22,14,Gờ lan can BTCT:G5A,4.12,0.0,11.7
C22,14,Mố M1:A7,1.585,0.0,11.7
C22,14,Bản mặt cầu (Deck Slab):DR1,0.6,0.0,11.7
C23,14,Mố M1:G1,5.9,0.0,11.7
C23,14,Mố M1:G3,2.344,0.0,11.7
C23,14,Mố M1:G7,1.536,0.0,11.7
C23,14,Bản mặt cầu (Deck Slab):DR2,1.3,0.0,11.7
C23,14,Bản mặt cầu (Deck Slab):DR1,0.6,0.0,11.7
C24,14,Mố M1:G1,5.9,0.0,11.7
C24,14,Mố M1:G3,2.344,0.0,11.7
C24,14,Mố M1:G7,1.536,0.0,11.7
C24,14,Bản mặt cầu (Deck Slab):DR2,1.3,0.0,11.7
C24,14,Bản mặt cầu (Deck Slab):DR1,0.6,0.0,11.7
C25,14,Mố M1:G1,5.9,0.0,11.7
C25,14,Mố M1:G3,2.344,0.0,11.7
C25,14,Mố M1:G7,1.536,0.0,11.7
C25,14,Bản mặt cầu (Deck Slab):DR2,1.3,0.0,11.7
C25,14,Bản mặt cầu (Deck Slab):DR1,0.6,0.0,11.7
C26,14,Mố M1:G1,5.9,0.0,11.7
C26,14,Mố M1:G3,2.344,0.0,11.7
C26,14,Mố M1:G7,1.536,0.0,11.7
C26,14,Bản mặt cầu (Deck Slab):DR2,1.3,0.0,11.7
C26,14,Bản mặt cầu (Deck Slab):DR1,0.6,0.0,11.7
C27,14,Mố M1:G1,5.9,0.0,11.7
C27,14,Mố M1:G3,2.344,0.0,11.7
C27,14,Mố M1:G7,1.536,0.0,11.7
C27,14,Bản mặt cầu (Deck Slab):DR2,1.3,0.0,11.7
C27,14,Bản mặt cầu (Deck Slab):DR1,0.6,0.0,11.7
C28,14,Mố M1:G1,5.9,0.0,11.7
C28,14,Mố M1:G3,2.344,0.0,11.7
C28,14,Mố M1:G7,1.536,0.0,11.7
C28,14,Bản mặt cầu (Deck Slab):DR2,1.3,0.0,11.7
C28,14,Bản mặt cầu (Deck Slab):DR1,0.6,0.0,11.7
C29,14,Mố M1:G1,5.9,0.0,11.7
C29,14,Mố M1:G3,2.344,0.0,11.7
C29,14,Mố M1:G7,1.536,0.0,11.7
C29,14,Bản mặt cầu (Deck Slab):DR2,1.3,0.0,11.7
C29,14,Bản mặt cầu (Deck Slab):DR1,0.6,0.0,11.7
C30,14,Mố M1:G1,5.9,0.0,11.7
C30,14,Mố M1:G3,2.344,0.0,11.7
C30,14,Mố M1:G7,1.536,0.0,11.7
C30,14,Bản mặt cầu (Deck Slab):DR2,1.3,0.0,11.7
C30,14,Bản mặt cầu (Deck Slab):DR1,0.6,0.0,11.7
C31,14,Mố M1:G1,5.9,0.0,11.7
C31,14,Mố M1:G3,2.344,0.0,11.7
C31,14,Mố M1:G7,1.536,0.0,11.7
C31,14,Bản mặt cầu (Deck Slab):DR2,1.3,0.0,11.7
C31,14,Bản mặt cầu (Deck Slab):DR1,0.6,0.0,11.7
C32,14,Mố M1:G1,5.9,0.0,11.7
C32,14,Mố M1:G3,2.344,0.0,11.7
C32,14,Mố M1:G7,1.536,0.0,11.7
C32,14,Bản mặt cầu (Deck Slab):DR2,1.3,0.0,11.7
C32,14,Bản mặt cầu (Deck Slab):DR1,0.6,0.0,11.7
C33,14,Mố M1:G1,5.9,0.0,11.7
C33,14,Mố M1:G3,2.344,0.0,11.7
C33,14,Mố M1:G7,1.536,0.0,11.7
C33,14,Bản mặt cầu (Deck Slab):DR2,1.3,0.0,11.7
C33,14,Bản mặt cầu (Deck Slab):DR1,0.6,0.0,11.7
C34,14,Mố M1:G1,5.9,0.0,11.7
C34,14,Mố M1:G3,2.344,0.0,11.7
C34,14,Mố M1:G7,1.536,0.0,11.7
C34,14,Bản mặt cầu (Deck Slab):DR2,1.3,0.0,11.7
C34,14,Bản mặt cầu (Deck Slab):DR1,0.6,0.0,11.7
C35,14,Mố M1:G1,5.9,0.0,11.7
C35,14,Mố M1:G3,2.344,0.0,11.7
C35,14,Mố M1:G7,1.536,0.0,11.7
C35,14,Bản mặt cầu (Deck Slab):DR2,1.3,0.0,11.7
C35,14,Bản mặt cầu (Deck Slab):DR1,0.6,0.0,11.7
C36,14,Mố M1:G1,5.9,0.0,11.7
C36,14,Mố M1:G3,2.344,0.0,11.7
C36,14,Mố M1:G7,1.536,0.0,11.7
C36,14,Bản mặt cầu (Deck Slab):DR2,1.3,0.0,11.7
C36,14,Bản mặt cầu (Deck Slab):DR1,0.6,0.0,11.7
C37,14,Mố M1:G1,5.9,0.0,11.7
C37,14,Mố M1:G3,2.344,0.0,11.7
C37,14,Mố M1:G7,1.536,0.0,11.7
C37,14,Bản mặt cầu (Deck Slab):DR2,1.3,0.0,11.7
C37,14,Bản mặt cầu (Deck Slab):DR1,0.6,0.0,11.7
C38,14,Mố M1:G1,5.9,0.0,11.7
C38,14,Mố M1:G3,2.344,0.0,11.7
C38,14,Mố M1:G7,1.536,0.0,11.7
C38,14,Bản mặt cầu (Deck Slab):DR2,1.3,0.0,11.7
C38,14,Bản mặt cầu (Deck Slab):DR1,0.6,0.0,11.7
C39,14,Mố M1:G1,5.9,0.0,11.7
C39,14,Mố M1:G3,2.344,0.0,11.7
C39,14,Mố M1:G7,1.536,0.0,11.7
C39,14,Bản mặt cầu (Deck Slab):DR2,1.3,0.0,11.7
C39,14,Bản mặt cầu (Deck Slab):DR1,0.6,0.0,11.7
C40,14,Mố M1:G1,5.9,0.0,11.7
C40,14,Mố M1:G3,2.344,0.0,11.7
C40,14,Mố M1:G7,1.536,0.0,11.7
C40,14,Bản mặt cầu (Deck Slab):DR2,1.3,0.0,11.7
C40,14,Bản mặt cầu (Deck Slab):DR1,0.6,0.0,11.7
C41,14,Gờ lan can BTCT:G1,5.91,0.0,11.7
C41,14,Mố M1:A7,1.585,0.0,11.7
C41,14,Mố M1:A7,1.585,0.0,11.7
C41,14,Bản mặt cầu (Deck Slab):DR2,1.3,0.0,11.7
C41,14,Bản mặt cầu (Deck Slab):DR2,1.3,0.0,11.7
C42,14,Gờ lan can BTCT:G1,5.91,0.0,11.7
C42,14,Mố M1:A7,1.585,0.0,11.7
C42,14,Mố M1:A7,1.585,0.0,11.7
C42,14,Bản mặt cầu (Deck Slab):DR2,1.3,0.0,11.7
C42,14,Bản mặt cầu (Deck Slab):DR2,1.3,0.0,11.7
C43,14,Gờ lan can BTCT:G1,5.91,0.0,11.7
C43,14,Mố M1:A7,1.585,0.0,11.7
C43,14,Mố M1:A7,1.585,0.0,11.7
C43,14,Bản mặt cầu (Deck Slab):DR2,1.3,0.0,11.7
C43,14,Bản mặt cầu (Deck Slab):DR2,1.3,0.0,11.7
C44,14,Gờ lan can BTCT:G1,5.91,0.0,11.7
C44,14,Mố M1:A7,1.585,0.0,11.7
C44,14,Mố M1:A7,1.585,0.0,11.7
C44,14,Bản mặt cầu (Deck Slab):DR2,1.3,0.0,11.7
C44,14,Bản mặt cầu (Deck Slab):DR2,1.3,0.0,11.7
C45,14,Gờ lan can BTCT:G1,5.91,0.0,11.7
C45,14,Mố M1:A7,1.585,0.0,11.7
C45,14,Mố M1:A7,1.585,0.0,11.7
C45,14,Bản mặt cầu (Deck Slab):DR2,1.3,0.0,11.7
C45,14,Bản mặt cầu (Deck Slab):DR2,1.3,0.0,11.7
C46,14,Gờ lan can BTCT:G1,5.91,0.0,11.7
C46,14,Mố M1:A7,1.585,0.0,11.7
C46,14,Mố M1:A7,1.585,0.0,11.7
C46,14,Bản mặt cầu (Deck Slab):DR2,1.3,0.0,11.7
C46,14,Bản mặt cầu (Deck Slab):DR2,1.3,0.0,11.7
C47,14,Gờ lan can BTCT:G1,5.91,0.0,11.7
C47,14,Mố M1:A7,1.585,0.0,11.7
C47,14,Mố M1:A7,1.585,0.0,11.7
C47,14,Bản mặt cầu (Deck Slab):DR2,1.3,0.0,11.7
C47,14,Bản mặt cầu (Deck Slab):DR2,1.3,0.0,11.7
C48,14,Gờ lan can BTCT:G1,5.91,0.0,11.7
C48,14,Mố M1:A7,1.585,0.0,11.7
C48,14,Mố M1:A7,1.585,0.0,11.7
C48,14,Bản mặt cầu (Deck Slab):DR2,1.3,0.0,11.7
C48,14,Bản mặt cầu (Deck Slab):DR2,1.3,0.0,11.7
C49,14,Gờ lan can BTCT:G1,5.91,0.0,11.7
C49,14,Mố M1:A7,1.585,0.0,11.7
C49,14,Mố M1:A7,1.585,0.0,11.7
C49,14,Bản mặt cầu (Deck Slab):DR2,1.3,0.0,11.7
C49,14,Bản mặt cầu (Deck Slab):DR2,1.3,0.0,11.7
C50,14,Gờ lan can BTCT:G1,5.91,0.0,11.7
C50,14,Mố M1:A7,1.585,0.0,11.7
C50,14,Mố M1:A7,1.585,0.0,11.7
C50,14,Bản mặt cầu (Deck Slab):DR2,1.3,0.0,11.7
C50,14,Bản mặt cầu (Deck Slab):DR2,1.3,0.0,11.7
C51,14,Gờ lan can BTCT:G1,5.91,0.0,11.7
C51,14,Mố M1:A7,1.585,0.0,11.7
C51,14,Mố M1:A7,1.585,0.0,11.7
C51,14,Bản mặt cầu (Deck Slab):DR2,1.3,0.0,11.7
C51,14,Bản mặt cầu (Deck Slab):DR2,1.3,0.0,11.7
C52,14,Gờ lan can BTCT:G1,5.91,0.0,11.7
C52,14,Mố M1:A7,1.585,0.0,11.7
C52,14,Mố M1:A7,1.585,0.0,11.7
C52,14,Bản mặt cầu (Deck Slab):DR2,1.3,0.0,11.7
C52,14,Bản mặt cầu (Deck Slab):DR2,1.3,0.0,11.7
C53,14,Gờ lan can BTCT:G1,5.91,0.0,11.7
C53,14,Mố M1:A7,1.585,0.0,11.7
C53,14,Mố M1:A7,1.585,0.0,11.7
C53,14,Bản mặt cầu (Deck Slab):DR2,1.3,0.0,11.7
C53,14,Bản mặt cầu (Deck Slab):DR2,1.3,0.0,11.7
C54,14,Gờ lan can BTCT:G1,5.91,0.0,11.7
C54,14,Mố M1:A7,1.585,0.0,11.7
C54,14,Mố M1:A7,1.585,0.0,11.7
C54,14,Bản mặt cầu (Deck Slab):DR2,1.3,0.0,11.7
C54,14,Bản mặt cầu (Deck Slab):DR2,1.3,0.0,11.7
C55,14,Gờ lan can BTCT:G1,5.91,0.0,11.7
C55,14,Mố M1:A7,1.585,0.0,11.7
C55,14,Mố M1:A7,1.585,0.0,11.7
C55,14,Bản mặt cầu (Deck Slab):DR2,1.3,0.0,11.7
C55,14,Bản mặt cầu (Deck Slab):DR2,1.3,0.0,11.7
C56,14,Gờ lan can BTCT:G1,5.91,0.0,11.7
C56,14,Mố M1:A7,1.585,0.0,11.7
C56,14,Mố M1:A7,1.585,0.0,11.7
C56,14,Bản mặt cầu (Deck Slab):DR2,1.3,0.0,11.7
C56,14,Bản mặt cầu (Deck Slab):DR2,1.3,0.0,11.7
C57,14,Gờ lan can BTCT:G1,5.91,0.0,11.7
C57,14,Mố M1:A7,1.585,0.0,11.7
C57,14,Mố M1:A7,1.585,0.0,11.7
C57,14,Bản mặt cầu (Deck Slab):DR2,1.3,0.0,11.7
C57,14,Bản mặt cầu (Deck Slab):DR2,1.3,0.0,11.7
C58,14,Gờ lan can BTCT:G1,5.91,0.0,11.7
C58,14,Mố M1:A7,1.585,0.0,11.7
C58,14,Mố M1:A7,1.585,0.0,11.7
C58,14,Bản mặt cầu (Deck Slab):DR2,1.3,0.0,11.7
C58,14,Bản mặt cầu (Deck Slab):DR2,1.3,0.0,11.7
C59,14,Gờ lan can BTCT:G1,5.91,0.0,11.7
C59,14,Mố M1:A7,1.585,0.0,11.7
C59,14,Mố M1:A7,1.585,0.0,11.7
C59,14,Bản mặt cầu (Deck Slab):DR2,1.3,0.0,11.7
C59,14,Bản mặt cầu (Deck Slab):DR2,1.3,0.0,11.7
C60,14,Gờ lan can BTCT:G5,5.91,0.0,11.7
C60,14,Mố M1:A7,1.585,0.0,11.7
C60,14,Mố M1:A7,1.585,0.0,11.7
C60,14,Bản mặt cầu (Deck Slab):DR2,1.3,0.0,11.7
C60,14,Bản mặt cầu (Deck Slab):DR2,1.3,0.0,11.7
C61,14,Gờ lan can BTCT:G5,5.91,0.0,11.7
C61,14,Mố M1:A7,1.585,0.0,11.7
C61,14,Mố M1:A7,1.585,0.0,11.7
C61,14,Bản mặt cầu (Deck Slab):DR2,1.3,0.0,11.7
C61,14,Bản mặt cầu (Deck Slab):DR2,1.3,0.0,11.7
C62,14,Gờ lan can BTCT:G5,5.91,0.0,11.7
C62,14,Mố M1:A7,1.585,0.0,11.7
C62,14,Mố M1:A7,1.585,0.0,11.7
C62,14,Bản mặt cầu (Deck Slab):DR2,1.3,0.0,11.7
C62,14,Bản mặt cầu (Deck Slab):DR2,1.3,0.0,11.7
C63,14,Gờ lan can BTCT:G5,5.91,0.0,11.7
C63,14,Mố M1:A7,1.585,0.0,11.7
C63,14,Mố M1:A7,1.585,0.0,11.7
C63,14,Bản mặt cầu (Deck Slab):DR2,1.3,0.0,11.7
C63,14,Bản mặt cầu (Deck Slab):DR2,1.3,0.0,11.7
C64,14,Gờ lan can BTCT:G5,5.91,0.0,11.7
C64,14,Mố M1:A7,1.585,0.0,11.7
C64,14,Mố M1:A7,1.585,0.0,11.7
C64,14,Bản mặt cầu (Deck Slab):DR2,1.3,0.0,11.7
C64,14,Bản mặt cầu (Deck Slab):DR2,1.3,0.0,11.7
C65,14,Gờ lan can BTCT:G5,5.91,0.0,11.7
C65,14,Mố M1:A7,1.585,0.0,11.7
C65,14,Mố M1:A7,1.585,0.0,11.7
C65,14,Bản mặt cầu (Deck Slab):DR2,1.3,0.0,11.7
C65,14,Bản mặt cầu (Deck Slab):DR2,1.3,0.0,11.7
C66,14,Gờ lan can BTCT:G5,5.91,0.0,11.7
C66,14,Mố M1:A7,1.585,0.0,11.7
C66,14,Mố M1:A7,1.585,0.0,11.7
C66,14,Bản mặt cầu (Deck Slab):DR2,1.3,0.0,11.7
C66,14,Bản mặt cầu (Deck Slab):DR2,1.3,0.0,11.7
C67,14,Gờ lan can BTCT:G5,5.91,0.0,11.7
C67,14,Mố M1:A7,1.585,0.0,11.7
C67,14,Mố M1:A7,1.585,0.0,11.7
C67,14,Bản mặt cầu (Deck Slab):DR2,1.3,0.0,11.7
C67,14,Bản mặt cầu (Deck Slab):DR2,1.3,0.0,11.7
C68,14,Gờ lan can BTCT:G5,5.91,0.0,11.7
C68,14,Mố M1:A7,1.585,0.0,11.7
C68,14,Mố M1:A7,1.585,0.0,11.7
C68,14,Bản mặt cầu (Deck Slab):DR2,1.3,0.0,11.7
C68,14,Bản mặt cầu (Deck Slab):DR2,1.3,0.0,11.7
C69,14,Gờ lan can BTCT:G5,5.91,0.0,11.7
C69,14,Mố M1:A7,1.585,0.0,11.7
C69,14,Mố M1:A7,1.585,0.0,11.7
C69,14,Bản mặt cầu (Deck Slab):DR2,1.3,0.0,11.7
C69,14,Bản mặt cầu (Deck Slab):DR2,1.3,0.0,11.7
C70,14,Gờ lan can BTCT:G5,5.91,0.0,11.7
C70,14,Mố M1:A7,1.585,0.0,11.7
C70,14,Mố M1:A7,1.585,0.0,11.7
C70,14,Bản mặt cầu (Deck Slab):DR2,1.3,0.0,11.7
C70,14,Bản mặt cầu (Deck Slab):DR2,1.3,0.0,11.7
C71,14,Gờ lan can BTCT:G5,5.91,0.0,11.7
C71,14,Mố M1:A7,1.585,0.0,11.7
C71,14,Mố M1:A7,1.585,0.0,11.7
C71,14,Bản mặt cầu (Deck Slab):DR2,1.3,0.0,11.7
C71,14,Bản mặt cầu (Deck Slab):DR2,1.3,0.0,11.7
C72,14,Gờ lan can BTCT:G5,5.91,0.0,11.7
C72,14,Mố M1:A7,1.585,0.0,11.7
C72,14,Mố M1:A7,1.585,0.0,11.7
C72,14,Bản mặt cầu (Deck Slab):DR2,1.3,0.0,11.7
C72,14,Bản mặt cầu (Deck Slab):DR2,1.3,0.0,11.7
C73,14,Gờ lan can BTCT:G5,5.91,0.0,11.7
C73,14,Mố M1:A7,1.585,0.0,11.7
C73,14,Mố M1:A7,1.585,0.0,11.7
C73,14,Bản mặt cầu (Deck Slab):DR2,1.3,0.0,11.7
C73,14,Bản mặt cầu (Deck Slab):DR2,1.3,0.0,11.7
C74,14,Gờ lan can BTCT:G5,5.91,0.0,11.7
C74,14,Mố M1:A7,1.585,0.0,11.7
C74,14,Mố M1:A7,1.585,0.0,11.7
C74,14,Bản mặt cầu (Deck Slab):DR2,1.3,0.0,11.7
C74,14,Bản mặt cầu (Deck Slab):DR2,1.3,0.0,11.7
C75,14,Gờ lan can BTCT:G5,5.91,0.0,11.7
C75,14,Mố M1:A7,1.585,0.0,11.7
C75,14,Mố M1:A7,1.585,0.0,11.7
C75,14,Bản mặt cầu (Deck Slab):DR2,1.3,0.0,11.7
C75,14,Bản mặt cầu (Deck Slab):DR2,1.3,0.0,11.7
C76,14,Gờ lan can BTCT:G5,5.91,0.0,11.7
C76,14,Mố M1:A7,1.585,0.0,11.7
C76,14,Mố M1:A7,1.585,0.0,11.7
C76,14,Bản mặt cầu (Deck Slab):DR2,1.3,0.0,11.7
C76,14,Bản mặt cầu (Deck Slab):DR2,1.3,0.0,11.7
C77,14,Gờ lan can BTCT:G5,5.91,0.0,11.7
C77,14,Mố M1:A7,1.585,0.0,11.7
C77,14,Mố M1:A7,1.585,0.0,11.7
C77,14,Bản mặt cầu (Deck Slab):DR2,1.3,0.0,11.7
C77,14,Bản mặt cầu (Deck Slab):DR2,1.3,0.0,11.7
C78,14,Gờ lan can BTCT:G5,5.91,0.0,11.7
C78,14,Mố M1:A7,1.585,0.0,11.7
C78,14,Mố M1:A7,1.585,0.0,11.7
C78,14,Bản mặt cầu (Deck Slab):DR2,1.3,0.0,11.7
C78,14,Bản mặt cầu (Deck Slab):DR2,1.3,0.0,11.7
C79,14,Gờ lan can BTCT:G5A,4.12,0.004,11.7
C79,14,Gờ lan can BTCT:G5A,4.12,0.004,11.7
C79,14,Mố M1:G7,1.536,0.004,11.7
C79,14,Bản mặt cầu (Deck Slab):DR2,1.3,0.004,11.7
C79,14,Bản mặt cầu (Deck Slab):DR1,0.6,0.004,11.7
C80,14,Gờ lan can BTCT:G5A,4.12,0.004,11.7
C80,14,Gờ lan can BTCT:G5A,4.12,0.004,11.7
C80,14,Mố M1:G7,1.536,0.004,11.7
C80,14,Bản mặt cầu (Deck Slab):DR2,1.3,0.004,11.7
C80,14,Bản mặt cầu (Deck Slab):DR1,0.6,0.004,11.7
C81,14,Gờ lan can BTCT:G5A,4.12,0.0,11.7
C81,14,Mố M1:G3,2.344,0.0,11.7
C81,14,Mố M1:A7,1.585,0.0,11.7
C81,14,Mố M1:G7,1.536,0.0,11.7
C81,14,Bản mặt cầu (Deck Slab):DR3,0.9,0.0,11.7
C81,14,Bản mặt cầu (Deck Slab):DR1,0.6,0.0,11.7
C81,14,Mố M1:P4,0.585,0.0,11.7
C82,14,Gờ lan can BTCT:G5A,4.12,0.0,11.7
C82,14,Mố M1:G3,2.344,0.0,11.7
C82,14,Mố M1:A7,1.585,0.0,11.7
C82,14,Mố M1:G7,1.536,0.0,11.7
C82,14,Bản mặt cầu (Deck Slab):DR3,0.9,0.0,11.7
C82,14,Bản mặt cầu (Deck Slab):DR1,0.6,0.0,11.7
C82,14,Mố M1:P4,0.585,0.0,11.7
C83,14,Gờ lan can BTCT:G5A,4.12,0.0,11.7
C83,14,Mố M1:G3,2.344,0.0,11.7
C83,14,Mố M1:A7,1.585,0.0,11.7
C83,14,Mố M1:G7,1.536,0.0,11.7
C83,14,Bản mặt cầu (Deck Slab):DR3,0.9,0.0,11.7
C83,14,Bản mặt cầu (Deck Slab):DR1,0.6,0.0,11.7
C83,14,Mố M1:P4,0.585,0.0,11.7
C84,14,Gờ lan can BTCT:G5A,4.12,0.0,11.7
C84,14,Mố M1:G3,2.344,0.0,11.7
C84,14,Mố M1:A7,1.585,0.0,11.7
C84,14,Mố M1:G7,1.536,0.0,11.7
C84,14,Bản mặt cầu (Deck Slab):DR3,0.9,0.0,11.7
C84,14,Bản mặt cầu (Deck Slab):DR1,0.6,0.0,11.7
C84,14,Mố M1:P4,0.585,0.0,11.7
C85,14,Gờ lan can BTCT:G5A,4.12,0.0,11.7
C85,14,Mố M1:G3,2.344,0.0,11.7
C85,14,Mố M1:A7,1.585,0.0,11.7
C85,14,Mố M1:G7,1.536,0.0,11.7
C85,14,Bản mặt cầu (Deck Slab):DR3,0.9,0.0,11.7
C85,14,Bản mặt cầu (Deck Slab):DR1,0.6,0.0,11.7
C85,14,Mố M1:P4,0.585,0.0,11.7
C86,14,Gờ lan can BTCT:G5A,4.12,0.0,11.7
C86,14,Mố M1:G3,2.344,0.0,11.7
C86,14,Mố M1:A7,1.585,0.0,11.7
C86,14,Mố M1:G7,1.536,0.0,11.7
C86,14,Bản mặt cầu (Deck Slab):DR3,0.9,0.0,11.7
C86,14,Bản mặt cầu (Deck Slab):DR1,0.6,0.0,11.7
C86,14,Mố M1:P4,0.585,0.0,11.7
C87,14,Gờ lan can BTCT:G5A,4.12,0.0,11.7
C87,14,Mố M1:G3,2.344,0.0,11.7
C87,14,Mố M1:A7,1.585,0.0,11.7
C87,14,Mố M1:G7,1.536,0.0,11.7
C87,14,Bản mặt cầu (Deck Slab):DR3,0.9,0.0,11.7
C87,14,Bản mặt cầu (Deck Slab):DR1,0.6,0.0,11.7
C87,14,Mố M1:P4,0.585,0.0,11.7
C88,14,Gờ lan can BTCT:G5A,4.12,0.0,11.7
C88,14,Mố M1:G3,2.344,0.0,11.7
C88,14,Mố M1:A7,1.585,0.0,11.7
C88,14,Mố M1:G7,1.536,0.0,11.7
C88,14,Bản mặt cầu (Deck Slab):DR3,0.9,0.0,11.7
C88,14,Bản mặt cầu (Deck Slab):DR1,0.6,0.0,11.7
C88,14,Mố M1:P4,0.585,0.0,11.7
C89,14,Gờ lan can BTCT:G5A,4.12,0.0,11.7
C89,14,Mố M1:G3,2.344,0.0,11.7
C89,14,Mố M1:A7,1.585,0.0,11.7
C89,14,Mố M1:G7,1.536,0.0,11.7
C89,14,Bản mặt cầu (Deck Slab):DR3,0.9,0.0,11.7
C89,14,Bản mặt cầu (Deck Slab):DR1,0.6,0.0,11.7
C89,14,Mố M1:P4,0.585,0.0,11.7
C90,14,Gờ lan can BTCT:G5A,4.12,0.0,11.7
C90,14,Mố M1:G3,2.344,0.0,11.7
C90,14,Mố M1:A7,1.585,0.0,11.7
C90,14,Mố M1:G7,1.536,0.0,11.7
C90,14,Bản mặt cầu (Deck Slab):DR3,0.9,0.0,11.7
C90,14,Bản mặt cầu (Deck Slab):DR1,0.6,0.0,11.7
C90,14,Mố M1:P4,0.585,0.0,11.7
C91,14,Gờ lan can BTCT:G5A,4.12,0.0,11.7
C91,14,Mố M1:G3,2.344,0.0,11.7
C91,14,Mố M1:A7,1.585,0.0,11.7
C91,14,Mố M1:G7,1.536,0.0,11.7
C91,14,Bản mặt cầu (Deck Slab):DR3,0.9,0.0,11.7
C91,14,Bản mặt cầu (Deck Slab):DR1,0.6,0.0,11.7
C91,14,Mố M1:P4,0.585,0.0,11.7
C92,14,Mố M1:G1,5.9,0.0,11.7
C92,14,Mố M1:A7,1.585,0.0,11.7
C92,14,Bản mặt cầu (Deck Slab):DR3,0.9,0.0,11.7
C92,14,Bản mặt cầu (Deck Slab):DR3,0.9,0.0,11.7
C92,14,Bản mặt cầu (Deck Slab):DR3,0.9,0.0,11.7
C92,14,Bản mặt cầu (Deck Slab):DR3,0.9,0.0,11.7
C92,14,Mố M1:P4,0.585,0.0,11.7
C93,14,Mố M1:G5,5.9,0.0,11.7
C93,14,Mố M1:A7,1.585,0.0,11.7
C93,14,Bản mặt cầu (Deck Slab):DR3,0.9,0.0,11.7
C93,14,Bản mặt cầu (Deck Slab):DR3,0.9,0.0,11.7
C93,14,Bản mặt cầu (Deck Slab):DR3,0.9,0.0,11.7
C93,14,Bản mặt cầu (Deck Slab):DR3,0.9,0.0,11.7
C93,14,Mố M1:P4,0.585,0.0,11.7
C94,14,Mố M1:G5,5.9,0.0,11.7
C94,14,Mố M1:A7,1.585,0.0,11.7
C94,14,Bản mặt cầu (Deck Slab):DR3,0.9,0.0,11.7
C94,14,Bản mặt cầu (Deck Slab):DR3,0.9,0.0,11.7
C94,14,Bản mặt cầu (Deck Slab):DR3,0.9,0.0,11.7
C94,14,Bản mặt cầu (Deck Slab):DR3,0.9,0.0,11.7
C94,14,Mố M1:P4,0.585,0.0,11.7
C95,14,Mố M1:G5,5.9,0.0,11.7
C95,14,Mố M1:A7,1.585,0.0,11.7
C95,14,Bản mặt cầu (Deck Slab):DR3,0.9,0.0,11.7
C95,14,Bản mặt cầu (Deck Slab):DR3,0.9,0.0,11.7
C95,14,Bản mặt cầu (Deck Slab):DR3,0.9,0.0,11.7
C95,14,Bản mặt cầu (Deck Slab):DR3,0.9,0.0,11.7
C95,14,Mố M1:P4,0.585,0.0,11.7
C96,14,Mố M1:G5,5.9,0.0,11.7
C96,14,Mố M1:A7,1.585,0.0,11.7
C96,14,Bản mặt cầu (Deck Slab):DR3,0.9,0.0,11.7
C96,14,Bản mặt cầu (Deck Slab):DR3,0.9,0.0,11.7
C96,14,Bản mặt cầu (Deck Slab):DR3,0.9,0.0,11.7
C96,14,Bản mặt cầu (Deck Slab):DR3,0.9,0.0,11.7
C96,14,Mố M1:P4,0.585,0.0,11.7
C97,14,Mố M1:G5,5.9,0.0,11.7
C97,14,Mố M1:A7,1.585,0.0,11.7
C97,14,Bản mặt cầu (Deck Slab):DR3,0.9,0.0,11.7
C97,14,Bản mặt cầu (Deck Slab):DR3,0.9,0.0,11.7
C97,14,Bản mặt cầu (Deck Slab):DR3,0.9,0.0,11.7
C97,14,Bản mặt cầu (Deck Slab):DR3,0.9,0.0,11.7
C97,14,Mố M1:P4,0.585,0.0,11.7
C98,14,Mố M1:G5,5.9,0.0,11.7
C98,14,Mố M1:A7,1.585,0.0,11.7
C98,14,Bản mặt cầu (Deck Slab):DR3,0.9,0.0,11.7
C98,14,Bản mặt cầu (Deck Slab):DR3,0.9,0.0,11.7
C98,14,Bản mặt cầu (Deck Slab):DR3,0.9,0.0,11.7
C98,14,Bản mặt cầu (Deck Slab):DR3,0.9,0.0,11.7
C98,14,Mố M1:P4,0.585,0.0,11.7
C99,14,Mố M1:G5,5.9,0.0,11.7
C99,14,Mố M1:A7,1.585,0.0,11.7
C99,14,Bản mặt cầu (Deck Slab):DR3,0.9,0.0,11.7
C99,14,Bản mặt cầu (Deck Slab):DR3,0.9,0.0,11.7
C99,14,Bản mặt cầu (Deck Slab):DR3,0.9,0.0,11.7
C99,14,Bản mặt cầu (Deck Slab):DR3,0.9,0.0,11.7
C99,14,Mố M1:P4,0.585,0.0,11.7
C100,14,Mố M1:G5,5.9,0.0,11.7
C100,14,Mố M1:A7,1.585,0.0,11.7
C100,14,Bản mặt cầu (Deck Slab):DR3,0.9,0.0,11.7
C100,14,Bản mặt cầu (Deck Slab):DR3,0.9,0.0,11.7
C100,14,Bản mặt cầu (Deck Slab):DR3,0.9,0.0,11.7
C100,14,Bản mặt cầu (Deck Slab):DR3,0.9,0.0,11.7
C100,14,Mố M1:P4,0.585,0.0,11.7
C101,14,Mố M1:G5,5.9,0.0,11.7
C101,14,Mố M1:A7,1.585,0.0,11.7
C101,14,Bản mặt cầu (Deck Slab):DR3,0.9,0.0,11.7
C101,14,Bản mặt cầu (Deck Slab):DR3,0.9,0.0,11.7
C101,14,Bản mặt cầu (Deck Slab):DR3,0.9,0.0,11.7
C101,14,Bản mặt cầu (Deck Slab):DR3,0.9,0.0,11.7
C101,14,Mố M1:P4,0.585,0.0,11.7
C102,14,Mố M1:G5,5.9,0.0,11.7
C102,14,Mố M1:A7,1.585,0.0,11.7
C102,14,Bản mặt cầu (Deck Slab):DR3,0.9,0.0,11.7
C102,14,Bản mặt cầu (Deck Slab):DR3,0.9,0.0,11.7
C102,14,Bản mặt cầu (Deck Slab):DR3,0.9,0.0,11.7
C102,14,Bản mặt cầu (Deck Slab):DR3,0.9,0.0,11.7
C102,14,Mố M1:P4,0.585,0.0,11.7
C103,14,Mố M1:G5,5.9,0.0,11.7
C103,14,Mố M1:A7,1.585,0.0,11.7
C103,14,Bản mặt cầu (Deck Slab):DR3,0.9,0.0,11.7
C103,14,Bản mặt cầu (Deck Slab):DR3,0.9,0.0,11.7
C103,14,Bản mặt cầu (Deck Slab):DR3,0.9,0.0,11.7
C103,14,Bản mặt cầu (Deck Slab):DR3,0.9,0.0,11.7
C103,14,Mố M1:P4,0.585,0.0,11.7
C104,14,Mố M1:G5,5.9,0.0,11.7
C104,14,Mố M1:A7,1.585,0.0,11.7
C104,14,Bản mặt cầu (Deck Slab):DR3,0.9,0.0,11.7
C104,14,Bản mặt cầu (Deck Slab):DR3,0.9,0.0,11.7
C104,14,Bản mặt cầu (Deck Slab):DR3,0.9,0.0,11.7
C104,14,Bản mặt cầu (Deck Slab):DR3,0.9,0.0,11.7
C104,14,Mố M1:P4,0.585,0.0,11.7
C105,14,Mố M1:G5,5.9,0.0,11.7
C105,14,Mố M1:A7,1.585,0.0,11.7
C105,14,Bản mặt cầu (Deck Slab):DR3,0.9,0.0,11.7
C105,14,Bản mặt cầu (Deck Slab):DR3,0.9,0.0,11.7
C105,14,Bản mặt cầu (Deck Slab):DR3,0.9,0.0,11.7
C105,14,Bản mặt cầu (Deck Slab):DR3,0.9,0.0,11.7
C105,14,Mố M1:P4,0.585,0.0,11.7
C106,14,Mố M1:G5,5.9,0.0,11.7
C106,14,Mố M1:A7,1.585,0.0,11.7
C106,14,Bản mặt cầu (Deck Slab):DR3,0.9,0.0,11.7
C106,14,Bản mặt cầu (Deck Slab):DR3,0.9,0.0,11.7
C106,14,Bản mặt cầu (Deck Slab):DR3,0.9,0.0,11.7
C106,14,Bản mặt cầu (Deck Slab):DR3,0.9,0.0,11.7
C106,14,Mố M1:P4,0.585,0.0,11.7
C107,14,Mố M1:G5,5.9,0.0,11.7
C107,14,Mố M1:A7,1.585,0.0,11.7
C107,14,Bản mặt cầu (Deck Slab):DR3,0.9,0.0,11.7
C107,14,Bản mặt cầu (Deck Slab):DR3,0.9,0.0,11.7
C107,14,Bản mặt cầu (Deck Slab):DR3,0.9,0.0,11.7
C107,14,Bản mặt cầu (Deck Slab):DR3,0.9,0.0,11.7
C107,14,Mố M1:P4,0.585,0.0,11.7
C108,14,Mố M1:G5,5.9,0.0,11.7
C108,14,Mố M1:A7,1.585,0.0,11.7
C108,14,Bản mặt cầu (Deck Slab):DR3,0.9,0.0,11.7
C108,14,Bản mặt cầu (Deck Slab):DR3,0.9,0.0,11.7
C108,14,Bản mặt cầu (Deck Slab):DR3,0.9,0.0,11.7
C108,14,Bản mặt cầu (Deck Slab):DR3,0.9,0.0,11.7
C108,14,Mố M1:P4,0.585,0.0,11.7
C109,14,Mố M1:G5,5.9,0.0,11.7
C109,14,Mố M1:A7,1.585,0.0,11.7
C109,14,Bản mặt cầu (Deck Slab):DR3,0.9,0.0,11.7
C109,14,Bản mặt cầu (Deck Slab):DR3,0.9,0.0,11.7
C109,14,Bản mặt cầu (Deck Slab):DR3,0.9,0.0,11.7
C109,14,Bản mặt cầu (Deck Slab):DR3,0.9,0.0,11.7
C109,14,Mố M1:P4,0.585,0.0,11.7
C110,14,Mố M1:G5,5.9,0.0,11.7
C110,14,Mố M1:A7,1.585,0.0,11.7
C110,14,Bản mặt cầu (Deck Slab):DR3,0.9,0.0,11.7
C110,14,Bản mặt cầu (Deck Slab):DR3,0.9,0.0,11.7
C110,14,Bản mặt cầu (Deck Slab):DR3,0.9,0.0,11.7
C110,14,Bản mặt cầu (Deck Slab):DR3,0.9,0.0,11.7
C110,14,Mố M1:P4,0.585,0.0,11.7
C111,14,Mố M2:G1,5.9,0.0,11.7
C111,14,Mố M1:A7,1.585,0.0,11.7
C111,14,Bản mặt cầu (Deck Slab):DR3,0.9,0.0,11.7
C111,14,Bản mặt cầu (Deck Slab):DR3,0.9,0.0,11.7
C111,14,Bản mặt cầu (Deck Slab):DR3,0.9,0.0,11.7
C111,14,Bản mặt cầu (Deck Slab):DR3,0.9,0.0,11.7
C111,14,Mố M1:P4,0.585,0.0,11.7
C112,14,Mố M2:G1,5.9,0.0,11.7
C112,14,Mố M1:A7,1.585,0.0,11.7
C112,14,Bản mặt cầu (Deck Slab):DR3,0.9,0.0,11.7
C112,14,Bản mặt cầu (Deck Slab):DR3,0.9,0.0,11.7
C112,14,Bản mặt cầu (Deck Slab):DR3,0.9,0.0,11.7
C112,14,Bản mặt cầu (Deck Slab):DR3,0.9,0.0,11.7
C112,14,Mố M1:P4,0.585,0.0,11.7
C113,14,Mố M2:G1,5.9,0.0,11.7
C113,14,Mố M1:A7,1.585,0.0,11.7
C113,14,Bản mặt cầu (Deck Slab):DR3,0.9,0.0,11.7
C113,14,Bản mặt cầu (Deck Slab):DR3,0.9,0.0,11.7
C113,14,Bản mặt cầu (Deck Slab):DR3,0.9,0.0,11.7
C113,14,Bản mặt cầu (Deck Slab):DR3,0.9,0.0,11.7
C113,14,Mố M1:P4,0.585,0.0,11.7
C114,14,Mố M2:G1,5.9,0.0,11.7
C114,14,Mố M1:A7,1.585,0.0,11.7
C114,14,Bản mặt cầu (Deck Slab):DR3,0.9,0.0,11.7
C114,14,Bản mặt cầu (Deck Slab):DR3,0.9,0.0,11.7
C114,14,Bản mặt cầu (Deck Slab):DR3,0.9,0.0,11.7
C114,14,Bản mặt cầu (Deck Slab):DR3,0.9,0.0,11.7
C114,14,Mố M1:P4,0.585,0.0,11.7
C115,14,Mố M2:G1,5.9,0.0,11.7
C115,14,Mố M1:A7,1.585,0.0,11.7
C115,14,Bản mặt cầu (Deck Slab):DR3,0.9,0.0,11.7
C115,14,Bản mặt cầu (Deck Slab):DR3,0.9,0.0,11.7
C115,14,Bản mặt cầu (Deck Slab):DR3,0.9,0.0,11.7
C115,14,Bản mặt cầu (Deck Slab):DR3,0.9,0.0,11.7
C115,14,Mố M1:P4,0.585,0.0,11.7
C116,14,Mố M2:G1,5.9,0.0,11.7
C116,14,Mố M1:A7,1.585,0.0,11.7
C116,14,Bản mặt cầu (Deck Slab):DR3,0.9,0.0,11.7
C116,14,Bản mặt cầu (Deck Slab):DR3,0.9,0.0,11.7
C116,14,Bản mặt cầu (Deck Slab):DR3,0.9,0.0,11.7
C116,14,Bản mặt cầu (Deck Slab):DR3,0.9,0.0,11.7
C116,14,Mố M1:P4,0.585,0.0,11.7
C117,14,Mố M2:G1,5.9,0.0,11.7
C117,14,Mố M1:A7,1.585,0.0,11.7
C117,14,Bản mặt cầu (Deck Slab):DR3,0.9,0.0,11.7
C117,14,Bản mặt cầu (Deck Slab):DR3,0.9,0.0,11.7
C117,14,Bản mặt cầu (Deck Slab):DR3,0.9,0.0,11.7
C117,14,Bản mặt cầu (Deck Slab):DR3,0.9,0.0,11.7
C117,14,Mố M1:P4,0.585,0.0,11.7
C118,14,Mố M2:G1,5.9,0.0,11.7
C118,14,Mố M1:A7,1.585,0.0,11.7
C118,14,Bản mặt cầu (Deck Slab):DR3,0.9,0.0,11.7
C118,14,Bản mặt cầu (Deck Slab):DR3,0.9,0.0,11.7
C118,14,Bản mặt cầu (Deck Slab):DR3,0.9,0.0,11.7
C118,14,Bản mặt cầu (Deck Slab):DR3,0.9,0.0,11.7
C118,14,Mố M1:P4,0.585,0.0,11.7
C119,14,Mố M2:G1,5.9,0.0,11.7
C119,14,Mố M1:A7,1.585,0.0,11.7
C119,14,Mố M1:A7,1.585,0.0,11.7
C119,14,Bản mặt cầu (Deck Slab):DR3,0.9,0.0,11.7
C119,14,Bản mặt cầu (Deck Slab):DR3,0.9,0.0,11.7
C119,14,Mố M2:G5,0.4,0.0,11.7
C119,14,Mố M2:G5,0.4,0.0,11.7
C120,14,Mố M2:G1,5.9,0.0,11.7
C120,14,Mố M1:A7,1.585,0.0,11.7
C120,14,Mố M1:A7,1.585,0.0,11.7
C120,14,Bản mặt cầu (Deck Slab):DR3,0.9,0.0,11.7
C120,14,Bản mặt cầu (Deck Slab):DR3,0.9,0.0,11.7
C120,14,Mố M2:G5,0.4,0.0,11.7
C120,14,Mố M2:G5,0.4,0.0,11.7
C121,14,Mố M2:G1,5.9,0.0,11.7
C121,14,Mố M1:A7,1.585,0.0,11.7
C121,14,Mố M1:A7,1.585,0.0,11.7
C121,14,Bản mặt cầu (Deck Slab):DR3,0.9,0.0,11.7
C121,14,Bản mặt cầu (Deck Slab):DR3,0.9,0.0,11.7
C121,14,Mố M2:G5,0.4,0.0,11.7
C121,14,Mố M2:G5,0.4,0.0,11.7
C122,14,Mố M2:G1,5.9,0.0,11.7
C122,14,Mố M1:A7,1.585,0.0,11.7
C122,14,Mố M1:A7,1.585,0.0,11.7
C122,14,Bản mặt cầu (Deck Slab):DR3,0.9,0.0,11.7
C122,14,Bản mặt cầu (Deck Slab):DR3,0.9,0.0,11.7
C122,14,Mố M2:G5,0.4,0.0,11.7
C122,14,Mố M2:G5,0.4,0.0,11.7
C123,14,Mố M2:G1,5.9,0.0,11.7
C123,14,Mố M2:A7,1.585,0.0,11.7
C123,14,Mố M2:A7,1.585,0.0,11.7
C123,14,Bản mặt cầu (Deck Slab):DR3,0.9,0.0,11.7
C123,14,Bản mặt cầu (Deck Slab):DR3,0.9,0.0,11.7
C123,14,Mố M2:G5,0.4,0.0,11.7
C123,14,Mố M2:G5,0.4,0.0,11.7
C124,14,Mố M2:G1,5.9,0.0,11.7
C124,14,Mố M2:A7,1.585,0.0,11.7
C124,14,Mố M2:A7,1.585,0.0,11.7
C124,14,Bản mặt cầu (Deck Slab):DR3,0.9,0.0,11.7
C124,14,Bản mặt cầu (Deck Slab):DR3,0.9,0.0,11.7
C124,14,Mố M2:G5,0.4,0.0,11.7
C124,14,Mố M2:G5,0.4,0.0,11.7
C125,14,Mố M2:G1,5.9,0.0,11.7
C125,14,Mố M2:A7,1.585,0.0,11.7
C125,14,Mố M2:A7,1.585,0.0,11.7
C125,14,Bản mặt cầu (Deck Slab):DR3,0.9,0.0,11.7
C125,14,Bản mặt cầu (Deck Slab):DR3,0.9,0.0,11.7
C125,14,Mố M2:G5,0.4,0.0,11.7
C125,14,Mố M2:G5,0.4,0.0,11.7
C126,14,Mố M2:G1,5.9,0.0,11.7
C126,14,Mố M2:A7,1.585,0.0,11.7
C126,14,Mố M2:A7,1.585,0.0,11.7
C126,14,Bản mặt cầu (Deck Slab):DR3,0.9,0.0,11.7
C126,14,Bản mặt cầu (Deck Slab):DR3,0.9,0.0,11.7
C126,14,Mố M2:G5,0.4,0.0,11.7
C126,14,Mố M2:G5,0.4,0.0,11.7
C127,14,Mố M2:G1,5.9,0.0,11.7
C127,14,Mố M2:A7,1.585,0.0,11.7
C127,14,Mố M2:A7,1.585,0.0,11.7
C127,14,Bản mặt cầu (Deck Slab):DR3,0.9,0.0,11.7
C127,14,Bản mặt cầu (Deck Slab):DR3,0.9,0.0,11.7
C127,14,Mố M2:G5,0.4,0.0,11.7
C127,14,Mố M2:G5,0.4,0.0,11.7
C128,14,Mố M1:G3,2.344,0.0,11.7
C128,14,Mố M1:G7,1.536,0.0,11.7
C128,14,Mố M1:G7,1.536,0.0,11.7
C128,14,Mố M1:G7,1.536,0.0,11.7
C128,14,Gờ lan can BTCT:G7,1.371,0.0,11.7
C128,14,Gờ lan can BTCT:G7,1.371,0.0,11.7
C128,14,Gờ lan can BTCT:G7,1.371,0.0,11.7
C128,14,Bản mặt cầu (Deck Slab):DR1,0.6,0.0,11.7
C129,14,Mố M1:G3,2.344,0.0,11.7
C129,14,Mố M1:G7,1.536,0.0,11.7
C129,14,Mố M1:G7,1.536,0.0,11.7
C129,14,Mố M1:G7,1.536,0.0,11.7
C129,14,Gờ lan can BTCT:G7,1.371,0.0,11.7
C129,14,Gờ lan can BTCT:G7,1.371,0.0,11.7
C129,14,Gờ lan can BTCT:G7,1.371,0.0,11.7
C129,14,Bản mặt cầu (Deck Slab):DR1,0.6,0.0,11.7
C130,14,Mố M1:G3,2.344,0.0,11.7
C130,14,Mố M1:G7,1.536,0.0,11.7
C130,14,Mố M1:G7,1.536,0.0,11.7
C130,14,Mố M1:G7,1.536,0.0,11.7
C130,14,Gờ lan can BTCT:G7,1.371,0.0,11.7
C130,14,Gờ lan can BTCT:G7,1.371,0.0,11.7
C130,14,Gờ lan can BTCT:G7,1.371,0.0,11.7
C130,14,Bản mặt cầu (Deck Slab):DR1,0.6,0.0,11.7
C131,14,Mố M1:G3,2.344,0.0,11.7
C131,14,Mố M2:G7,1.536,0.0,11.7
C131,14,Mố M2:G7,1.536,0.0,11.7
C131,14,Mố M2:G7,1.536,0.0,11.7
C131,14,Gờ lan can BTCT:G7,1.371,0.0,11.7
C131,14,Gờ lan can BTCT:G7,1.371,0.0,11.7
C131,14,Gờ lan can BTCT:G7,1.371,0.0,11.7
C131,14,Bản mặt cầu (Deck Slab):DR1,0.6,0.0,11.7
C132,14,Mố M1:G3,2.344,0.0,11.7
C132,14,Mố M2:G7,1.536,0.0,11.7
C132,14,Mố M2:G7,1.536,0.0,11.7
C132,14,Mố M2:G7,1.536,0.0,11.7
C132,14,Gờ lan can BTCT:G7,1.371,0.0,11.7
C132,14,Gờ lan can BTCT:G7,1.371,0.0,11.7
C132,14,Gờ lan can BTCT:G7,1.371,0.0,11.7
C132,14,Bản mặt cầu (Deck Slab):DR1,0.6,0.0,11.7
C133,14,Mố M1:G3,2.344,0.005,11.7
C133,14,Mố M1:G3,2.344,0.005,11.7
C133,14,Mố M2:A7,1.585,0.005,11.7
C133,14,Mố M2:A7,1.585,0.005,11.7
C133,14,Mố M2:G7,1.536,0.005,11.7
C133,14,Gờ lan can BTCT:G7,1.371,0.005,11.7
C133,14,Bản mặt cầu (Deck Slab):DR3,0.9,0.005,11.7
C134,14,Mố M1:G3,2.344,0.005,11.7
C134,14,Mố M1:G3,2.344,0.005,11.7
C134,14,Mố M2:A7,1.585,0.005,11.7
C134,14,Mố M2:A7,1.585,0.005,11.7
C134,14,Mố M2:G7,1.536,0.005,11.7
C134,14,Gờ lan can BTCT:G7,1.371,0.005,11.7
C134,14,Bản mặt cầu (Deck Slab):DR3,0.9,0.005,11.7
C135,14,Mố M1:G3,2.344,0.005,11.7
C135,14,Mố M1:G3,2.344,0.005,11.7
C135,14,Mố M2:A7,1.585,0.005,11.7
C135,14,Mố M2:A7,1.585,0.005,11.7
C135,14,Mố M2:G7,1.536,0.005,11.7
C135,14,Gờ lan can BTCT:G7,1.371,0.005,11.7
C135,14,Bản mặt cầu (Deck Slab):DR3,0.9,0.005,11.7
C136,14,Mố M2:G3,2.344,0.005,11.7
C136,14,Mố M2:G3,2.344,0.005,11.7
C136,14,Mố M2:A7,1.585,0.005,11.7
C136,14,Mố M2:A7,1.585,0.005,11.7
C136,14,Mố M2:G7,1.536,0.005,11.7
C136,14,Gờ lan can BTCT:G7,1.371,0.005,11.7
C136,14,Bản mặt cầu (Deck Slab):DR3,0.9,0.005,11.7
C137,14,Mố M2:G3,2.344,0.005,11.7
C137,14,Mố M2:G3,2.344,0.005,11.7
C137,14,Mố M2:A7,1.585,0.005,11.7
C137,14,Mố M2:A7,1.585,0.005,11.7
C137,14,Mố M2:G7,1.536,0.005,11.7
C137,14,Gờ lan can BTCT:G7,1.371,0.005,11.7
C137,14,Bản mặt cầu (Deck Slab):DR3,0.9,0.005,11.7
C138,14,Gờ lan can BTCT:G3,2.344,0.005,11.7
C138,14,Gờ lan can BTCT:G3,2.344,0.005,11.7
C138,14,Mố M2:A7,1.585,0.005,11.7
C138,14,Mố M2:A7,1.585,0.005,11.7
C138,14,Mố M2:G7,1.536,0.005,11.7
C138,14,Gờ lan can BTCT:G7,1.371,0.005,11.7
C138,14,Bản mặt cầu (Deck Slab):DR3,0.9,0.005,11.7
C139,14,Gờ lan can BTCT:G3,2.344,0.005,11.7
C139,14,Gờ lan can BTCT:G3,2.344,0.005,11.7
C139,14,Mố M2:A7,1.585,0.005,11.7
C139,14,Mố M2:A7,1.585,0.005,11.7
C139,14,Mố M2:G7,1.536,0.005,11.7
C139,14,Gờ lan can BTCT:G7,1.371,0.005,11.7
C139,14,Bản mặt cầu (Deck Slab):DR3,0.9,0.005,11.7
C140,14,Gờ lan can BTCT:G3,2.344,0.005,11.7
C140,14,Gờ lan can BTCT:G3,2.344,0.005,11.7
C140,14,Mố M2:A7,1.585,0.005,11.7
C140,14,Mố M2:A7,1.585,0.005,11.7
C140,14,Mố M2:G7,1.536,0.005,11.7
C140,14,Gờ lan can BTCT:G7,1.371,0.005,11.7
C140,14,Bản mặt cầu (Deck Slab):DR3,0.9,0.005,11.7
C141,14,Gờ lan can BTCT:G3,2.344,0.005,11.7
C141,14,Gờ lan can BTCT:G3,2.344,0.005,11.7
C141,14,Mố M2:A7,1.585,0.005,11.7
C141,14,Mố M2:A7,1.585,0.005,11.7
C141,14,Mố M2:G7,1.536,0.005,11.7
C141,14,Gờ lan can BTCT:G7,1.371,0.005,11.7
C141,14,Bản mặt cầu (Deck Slab):DR3,0.9,0.005,11.7
C142,14,Gờ lan can BTCT:G3,2.344,0.005,11.7
C142,14,Gờ lan can BTCT:G3,2.344,0.005,11.7
C142,14,Mố M2:A7,1.585,0.005,11.7
C142,14,Mố M2:A7,1.585,0.005,11.7
C142,14,Mố M2:G7,1.536,0.005,11.7
C142,14,Gờ lan can BTCT:G7,1.371,0.005,11.7
C142,14,Bản mặt cầu (Deck Slab):DR3,0.9,0.005,11.7
C143,14,Gờ lan can BTCT:G3,2.344,0.005,11.7
C143,14,Gờ lan can BTCT:G3,2.344,0.005,11.7
C143,14,Mố M2:A7,1.585,0.005,11.7
C143,14,Mố M2:A7,1.585,0.005,11.7
C143,14,Mố M2:G7,1.536,0.005,11.7
C143,14,Gờ lan can BTCT:G7,1.371,0.005,11.7
C143,14,Bản mặt cầu (Deck Slab):DR3,0.9,0.005,11.7
C144,14,Gờ lan can BTCT:G3,2.344,0.005,11.7
C144,14,Gờ lan can BTCT:G3,2.344,0.005,11.7
C144,14,Mố M2:A7,1.585,0.005,11.7
C144,14,Mố M2:A7,1.585,0.005,11.7
C144,14,Mố M2:G7,1.536,0.005,11.7
C144,14,Gờ lan can BTCT:G7,1.371,0.005,11.7
C144,14,Bản mặt cầu (Deck Slab):DR3,0.9,0.005,11.7
C145,14,Gờ lan can BTCT:G3,2.344,0.005,11.7
C145,14,Gờ lan can BTCT:G3,2.344,0.005,11.7
C145,14,Mố M2:A7,1.585,0.005,11.7
C145,14,Mố M2:A7,1.585,0.005,11.7
C145,14,Mố M2:G7,1.536,0.005,11.7
C145,14,Gờ lan can BTCT:G7,1.371,0.005,11.7
C145,14,Bản mặt cầu (Deck Slab):DR3,0.9,0.005,11.7
C146,14,Gờ lan can BTCT:G3,2.344,0.005,11.7
C146,14,Gờ lan can BTCT:G3,2.344,0.005,11.7
C146,14,Mố M2:A7,1.585,0.005,11.7
C146,14,Mố M2:A7,1.585,0.005,11.7
C146,14,Mố M2:G7,1.536,0.005,11.7
C146,14,Gờ lan can BTCT:G7,1.371,0.005,11.7
C146,14,Bản mặt cầu (Deck Slab):DR3,0.9,0.005,11.7
C147,14,Gờ lan can BTCT:G3,2.344,0.005,11.7
C147,14,Gờ lan can BTCT:G3,2.344,0.005,11.7
C147,14,Mố M2:A7,1.585,0.005,11.7
C147,14,Mố M2:A7,1.585,0.005,11.7
C147,14,Mố M2:G7,1.536,0.005,11.7
C147,14,Gờ lan can BTCT:G7,1.371,0.005,11.7
C147,14,Bản mặt cầu (Deck Slab):DR3,0.9,0.005,11.7
C148,14,Gờ lan can BTCT:G3,2.344,0.005,11.7
C148,14,Gờ lan can BTCT:G3,2.344,0.005,11.7
C148,14,Mố M2:A7,1.585,0.005,11.7
C148,14,Mố M2:A7,1.585,0.005,11.7
C148,14,Mố M2:G7,1.536,0.005,11.7
C148,14,Gờ lan can BTCT:G7,1.371,0.005,11.7
C148,14,Bản mặt cầu (Deck Slab):DR3,0.9,0.005,11.7
C149,14,Gờ lan can BTCT:G3,2.344,0.005,11.7
C149,14,Gờ lan can BTCT:G3,2.344,0.005,11.7
C149,14,Mố M2:A7,1.585,0.005,11.7
C149,14,Mố M2:A7,1.585,0.005,11.7
C149,14,Mố M2:G7,1.536,0.005,11.7
C149,14,Gờ lan can BTCT:G7,1.371,0.005,11.7
C149,14,Bản mặt cầu (Deck Slab):DR3,0.9,0.005,11.7
C150,14,Gờ lan can BTCT:G3,2.344,0.0,11.7
C150,14,Gờ lan can BTCT:G3,2.344,0.0,11.7
C150,14,Mố M2:G7,1.536,0.0,11.7
C150,14,Mố M2:G7,1.536,0.0,11.7
C150,14,Bản mặt cầu (Deck Slab):DR3,0.9,0.0,11.7
C150,14,Bản mặt cầu (Deck Slab):DR3,0.9,0.0,11.7
C150,14,Bản mặt cầu (Deck Slab):DR3,0.9,0.0,11.7
C150,14,Bản mặt cầu (Deck Slab):DR1,0.6,0.0,11.7
C150,14,Bản mặt cầu (Deck Slab):DR1,0.6,0.0,11.7
C151,14,Gờ lan can BTCT:G3,2.344,0.0,11.7
C151,14,Gờ lan can BTCT:G3,2.344,0.0,11.7
C151,14,Mố M2:G7,1.536,0.0,11.7
C151,14,Mố M2:G7,1.536,0.0,11.7
C151,14,Bản mặt cầu (Deck Slab):DR3,0.9,0.0,11.7
C151,14,Bản mặt cầu (Deck Slab):DR3,0.9,0.0,11.7
C151,14,Bản mặt cầu (Deck Slab):DR3,0.9,0.0,11.7
C151,14,Bản mặt cầu (Deck Slab):DR1,0.6,0.0,11.7
C151,14,Bản mặt cầu (Deck Slab):DR1,0.6,0.0,11.7
C152,14,Gờ lan can BTCT:G3,2.344,0.0,11.7
C152,14,Gờ lan can BTCT:G3,2.344,0.0,11.7
C152,14,Mố M2:G7,1.536,0.0,11.7
C152,14,Mố M2:G7,1.536,0.0,11.7
C152,14,Bản mặt cầu (Deck Slab):DR3,0.9,0.0,11.7
C152,14,Bản mặt cầu (Deck Slab):DR3,0.9,0.0,11.7
C152,14,Bản mặt cầu (Deck Slab):DR3,0.9,0.0,11.7
C152,14,Bản mặt cầu (Deck Slab):DR1,0.6,0.0,11.7
C152,14,Bản mặt cầu (Deck Slab):DR1,0.6,0.0,11.7
C153,14,Gờ lan can BTCT:G3,2.344,0.0,11.7
C153,14,Gờ lan can BTCT:G3,2.344,0.0,11.7
C153,14,Mố M2:G7,1.536,0.0,11.7
C153,14,Mố M2:G7,1.536,0.0,11.7
C153,14,Bản mặt cầu (Deck Slab):DR3,0.9,0.0,11.7
C153,14,Bản mặt cầu (Deck Slab):DR3,0.9,0.0,11.7
C153,14,Bản mặt cầu (Deck Slab):DR3,0.9,0.0,11.7
C153,14,Bản mặt cầu (Deck Slab):DR1,0.6,0.0,11.7
C153,14,Bản mặt cầu (Deck Slab):DR1,0.6,0.0,11.7
C154,14,Gờ lan can BTCT:G3,2.344,0.0,11.7
C154,14,Gờ lan can BTCT:G3,2.344,0.0,11.7
C154,14,Mố M2:G7,1.536,0.0,11.7
C154,14,Mố M2:G7,1.536,0.0,11.7
C154,14,Bản mặt cầu (Deck Slab):DR3,0.9,0.0,11.7
C154,14,Bản mặt cầu (Deck Slab):DR3,0.9,0.0,11.7
C154,14,Bản mặt cầu (Deck Slab):DR3,0.9,0.0,11.7
C154,14,Bản mặt cầu (Deck Slab):DR1,0.6,0.0,11.7
C154,14,Bản mặt cầu (Deck Slab):DR1,0.6,0.0,11.7
C155,14,Gờ lan can BTCT:G3,2.344,0.0,11.7
C155,14,Gờ lan can BTCT:G3,2.344,0.0,11.7
C155,14,Mố M2:G7,1.536,0.0,11.7
C155,14,Mố M2:G7,1.536,0.0,11.7
C155,14,Bản mặt cầu (Deck Slab):DR3,0.9,0.0,11.7
C155,14,Bản mặt cầu (Deck Slab):DR3,0.9,0.0,11.7
C155,14,Bản mặt cầu (Deck Slab):DR3,0.9,0.0,11.7
C155,14,Bản mặt cầu (Deck Slab):DR1,0.6,0.0,11.7
C155,14,Bản mặt cầu (Deck Slab):DR1,0.6,0.0,11.7
C156,14,Mố M2:A7,1.585,0.001,11.7
C156,14,Mố M2:A7,1.585,0.001,11.7
C156,14,Gờ lan can BTCT:G7,1.371,0.001,11.7
C156,14,Gờ lan can BTCT:G7,1.371,0.001,11.7
C156,14,Gờ lan can BTCT:G7,1.371,0.001,11.7
C156,14,Gờ lan can BTCT:G7,1.371,0.001,11.7
C156,14,Bản mặt cầu (Deck Slab):DR3,0.9,0.001,11.7
C156,14,Bản mặt cầu (Deck Slab):DR3,0.9,0.001,11.7
C156,14,Bản mặt cầu (Deck Slab):DR1,0.6,0.001,11.7
C156,14,Bản mặt cầu (Deck Slab):DR1,0.6,0.001,11.7
C157,14,Mố M2:A7,1.585,0.001,11.7
C157,14,Mố M2:A7,1.585,0.001,11.7
C157,14,Gờ lan can BTCT:G7,1.371,0.001,11.7
C157,14,Gờ lan can BTCT:G7,1.371,0.001,11.7
C157,14,Gờ lan can BTCT:G7,1.371,0.001,11.7
C157,14,Gờ lan can BTCT:G7,1.371,0.001,11.7
C157,14,Bản mặt cầu (Deck Slab):DR3,0.9,0.001,11.7
C157,14,Bản mặt cầu (Deck Slab):DR3,0.9,0.001,11.7
C157,14,Bản mặt cầu (Deck Slab):DR1,0.6,0.001,11.7
C157,14,Bản mặt cầu (Deck Slab):DR1,0.6,0.001,11.7
C158,14,Mố M2:A7,1.585,0.001,11.7
C158,14,Mố M2:A7,1.585,0.001,11.7
C158,14,Gờ lan can BTCT:G7,1.371,0.001,11.7
C158,14,Gờ lan can BTCT:G7,1.371,0.001,11.7
C158,14,Gờ lan can BTCT:G7,1.371,0.001,11.7
C158,14,Gờ lan can BTCT:G7,1.371,0.001,11.7
C158,14,Bản mặt cầu (Deck Slab):DR3,0.9,0.001,11.7
C158,14,Bản mặt cầu (Deck Slab):DR3,0.9,0.001,11.7
C158,14,Bản mặt cầu (Deck Slab):DR1,0.6,0.001,11.7
C158,14,Bản mặt cầu (Deck Slab):DR1,0.6,0.001,11.7
C159,14,Mố M2:A7,1.585,0.001,11.7
C159,14,Mố M2:A7,1.585,0.001,11.7
C159,14,Gờ lan can BTCT:G7,1.371,0.001,11.7
C159,14,Gờ lan can BTCT:G7,1.371,0.001,11.7
C159,14,Gờ lan can BTCT:G7,1.371,0.001,11.7
C159,14,Gờ lan can BTCT:G7,1.371,0.001,11.7
C159,14,Bản mặt cầu (Deck Slab):DR3,0.9,0.001,11.7
C159,14,Bản mặt cầu (Deck Slab):DR3,0.9,0.001,11.7
C159,14,Bản mặt cầu (Deck Slab):DR1,0.6,0.001,11.7
C159,14,Bản mặt cầu (Deck Slab):DR1,0.6,0.001,11.7
C160,14,Mố M2:A7,1.585,0.001,11.7
C160,14,Mố M2:A7,1.585,0.001,11.7
C160,14,Gờ lan can BTCT:G7,1.371,0.001,11.7
C160,14,Gờ lan can BTCT:G7,1.371,0.001,11.7
C160,14,Gờ lan can BTCT:G7,1.371,0.001,11.7
C160,14,Gờ lan can BTCT:G7,1.371,0.001,11.7
C160,14,Bản mặt cầu (Deck Slab):DR3,0.9,0.001,11.7
C160,14,Bản mặt cầu (Deck Slab):DR3,0.9,0.001,11.7
C160,14,Bản mặt cầu (Deck Slab):DR1,0.6,0.001,11.7
C160,14,Bản mặt cầu (Deck Slab):DR1,0.6,0.001,11.7
C161,14,Mố M2:A7,1.585,0.001,11.7
C161,14,Mố M2:A7,1.585,0.001,11.7
C161,14,Gờ lan can BTCT:G7,1.371,0.001,11.7
C161,14,Gờ lan can BTCT:G7,1.371,0.001,11.7
C161,14,Gờ lan can BTCT:G7,1.371,0.001,11.7
C161,14,Gờ lan can BTCT:G7,1.371,0.001,11.7
C161,14,Bản mặt cầu (Deck Slab):DR3,0.9,0.001,11.7
C161,14,Bản mặt cầu (Deck Slab):DR3,0.9,0.001,11.7
C161,14,Bản mặt cầu (Deck Slab):DR1,0.6,0.001,11.7
C161,14,Bản mặt cầu (Deck Slab):DR1,0.6,0.001,11.7
C162,14,Mố M2:A7,1.585,0.001,11.7
C162,14,Mố M2:A7,1.585,0.001,11.7
C162,14,Gờ lan can BTCT:G7,1.371,0.001,11.7
C162,14,Gờ lan can BTCT:G7,1.371,0.001,11.7
C162,14,Gờ lan can BTCT:G7,1.371,0.001,11.7
C162,14,Gờ lan can BTCT:G7,1.371,0.001,11.7
C162,14,Bản mặt cầu (Deck Slab):DR3,0.9,0.001,11.7
C162,14,Bản mặt cầu (Deck Slab):DR3,0.9,0.001,11.7
C162,14,Bản mặt cầu (Deck Slab):DR1,0.6,0.001,11.7
C162,14,Bản mặt cầu (Deck Slab):DR1,0.6,0.001,11.7
C163,14,Gờ lan can BTCT:G3,2.344,0.001,11.7
C163,14,Mố M2:A7,1.585,0.001,11.7
C163,14,Mố M2:A7,1.585,0.001,11.7
C163,14,Mố M2:A7,1.585,0.001,11.7
C163,14,Mố M2:A7,1.585,0.001,11.7
C163,14,Bản mặt cầu (Deck Slab):DR1,0.6,0.001,11.7
C163,14,Bản mặt cầu (Deck Slab):DR1,0.6,0.001,11.7
C163,14,Bản mặt cầu (Deck Slab):DR1,0.6,0.001,11.7
C163,14,Mố M1:P4,0.585,0.001,11.7
C163,14,Mố M1:P4,0.585,0.001,11.7
C164,14,Gờ lan can BTCT:G3,2.344,0.001,11.7
C164,14,Mố M2:A7,1.585,0.001,11.7
C164,14,Mố M2:A7,1.585,0.001,11.7
C164,14,Mố M2:A7,1.585,0.001,11.7
C164,14,Mố M2:A7,1.585,0.001,11.7
C164,14,Bản mặt cầu (Deck Slab):DR1,0.6,0.001,11.7
C164,14,Bản mặt cầu (Deck Slab):DR1,0.6,0.001,11.7
C164,14,Bản mặt cầu (Deck Slab):DR1,0.6,0.001,11.7
C164,14,Mố M1:P4,0.585,0.001,11.7
C164,14,Mố M1:P4,0.585,0.001,11.7
C165,14,Gờ lan can BTCT:G3,2.344,0.001,11.7
C165,14,Mố M2:A7,1.585,0.001,11.7
C165,14,Mố M2:A7,1.585,0.001,11.7
C165,14,Mố M2:A7,1.585,0.001,11.7
C165,14,Mố M2:A7,1.585,0.001,11.7
C165,14,Bản mặt cầu (Deck Slab):DR1,0.6,0.001,11.7
C165,14,Bản mặt cầu (Deck Slab):DR1,0.6,0.001,11.7
C165,14,Bản mặt cầu (Deck Slab):DR1,0.6,0.001,11.7
C165,14,Mố M1:P4,0.585,0.001,11.7
C165,14,Mố M1:P4,0.585,0.001,11.7
C166,14,Gờ lan can BTCT:G3,2.344,0.001,11.7
C166,14,Mố M2:A7,1.585,0.001,11.7
C166,14,Mố M2:A7,1.585,0.001,11.7
C166,14,Mố M2:A7,1.585,0.001,11.7
C166,14,Mố M2:A7,1.585,0.001,11.7
C166,14,Bản mặt cầu (Deck Slab):DR1,0.6,0.001,11.7
C166,14,Bản mặt cầu (Deck Slab):DR1,0.6,0.001,11.7
C166,14,Bản mặt cầu (Deck Slab):DR1,0.6,0.001,11.7
C166,14,Mố M1:P4,0.585,0.001,11.7
C166,14,Mố M1:P4,0.585,0.001,11.7
C167,14,Gờ lan can BTCT:G3,2.344,0.001,11.7
C167,14,Mố M2:A7,1.585,0.001,11.7
C167,14,Mố M2:A7,1.585,0.001,11.7
C167,14,Mố M2:A7,1.585,0.001,11.7
C167,14,Mố M2:A7,1.585,0.001,11.7
C167,14,Bản mặt cầu (Deck Slab):DR1,0.6,0.001,11.7
C167,14,Bản mặt cầu (Deck Slab):DR1,0.6,0.001,11.7
C167,14,Bản mặt cầu (Deck Slab):DR1,0.6,0.001,11.7
C167,14,Mố M1:P4,0.585,0.001,11.7
C167,14,Mố M1:P4,0.585,0.001,11.7
C168,14,Gờ lan can BTCT:G3,2.344,0.001,11.7
C168,14,Mố M2:A7,1.585,0.001,11.7
C168,14,Mố M2:A7,1.585,0.001,11.7
C168,14,Mố M2:A7,1.585,0.001,11.7
C168,14,Mố M2:A7,1.585,0.001,11.7
C168,14,Bản mặt cầu (Deck Slab):DR1,0.6,0.001,11.7
C168,14,Bản mặt cầu (Deck Slab):DR1,0.6,0.001,11.7
C168,14,Bản mặt cầu (Deck Slab):DR1,0.6,0.001,11.7
C168,14,Mố M1:P4,0.585,0.001,11.7
C168,14,Mố M1:P4,0.585,0.001,11.7
C169,14,Gờ lan can BTCT:G3,2.344,0.001,11.7
C169,14,Mố M2:A7,1.585,0.001,11.7
C169,14,Mố M2:A7,1.585,0.001,11.7
C169,14,Mố M2:A7,1.585,0.001,11.7
C169,14,Mố M2:A7,1.585,0.001,11.7
C169,14,Bản mặt cầu (Deck Slab):DR1,0.6,0.001,11.7
C169,14,Bản mặt cầu (Deck Slab):DR1,0.6,0.001,11.7
C169,14,Bản mặt cầu (Deck Slab):DR1,0.6,0.001,11.7
C169,14,Mố M1:P4,0.585,0.001,11.7
C169,14,Mố M1:P4,0.585,0.001,11.7
C170,14,Gờ lan can BTCT:G3,2.344,0.001,11.7
C170,14,Mố M2:A7,1.585,0.001,11.7
C170,14,Mố M2:A7,1.585,0.001,11.7
C170,14,Mố M2:A7,1.585,0.001,11.7
C170,14,Mố M2:A7,1.585,0.001,11.7
C170,14,Bản mặt cầu (Deck Slab):DR1,0.6,0.001,11.7
C170,14,Bản mặt cầu (Deck Slab):DR1,0.6,0.001,11.7
C170,14,Bản mặt cầu (Deck Slab):DR1,0.6,0.001,11.7
C170,14,Mố M1:P4,0.585,0.001,11.7
C170,14,Mố M1:P4,0.585,0.001,11.7
C171,14,Gờ lan can BTCT:G3,2.344,0.001,11.7
C171,14,Mố M2:A7,1.585,0.001,11.7
C171,14,Mố M2:A7,1.585,0.001,11.7
C171,14,Mố M2:A7,1.585,0.001,11.7
C171,14,Mố M2:A7,1.585,0.001,11.7
C171,14,Bản mặt cầu (Deck Slab):DR1,0.6,0.001,11.7
C171,14,Bản mặt cầu (Deck Slab):DR1,0.6,0.001,11.7
C171,14,Bản mặt cầu (Deck Slab):DR1,0.6,0.001,11.7
C171,14,Mố M2:P4,0.585,0.001,11.7
C171,14,Mố M2:P4,0.585,0.001,11.7
C172,14,Gờ lan can BTCT:G3,2.344,0.001,11.7
C172,14,Mố M2:A7,1.585,0.001,11.7
C172,14,Mố M2:A7,1.585,0.001,11.7
C172,14,Mố M2:A7,1.585,0.001,11.7
C172,14,Mố M2:A7,1.585,0.001,11.7
C172,14,Bản mặt cầu (Deck Slab):DR1,0.6,0.001,11.7
C172,14,Bản mặt cầu (Deck Slab):DR1,0.6,0.001,11.7
C172,14,Bản mặt cầu (Deck Slab):DR1,0.6,0.001,11.7
C172,14,Mố M2:P4,0.585,0.001,11.7
C172,14,Mố M2:P4,0.585,0.001,11.7
C173,14,Gờ lan can BTCT:G3,2.344,0.001,11.7
C173,14,Mố M2:A7,1.585,0.001,11.7
C173,14,Mố M2:A7,1.585,0.001,11.7
C173,14,Mố M2:A7,1.585,0.001,11.7
C173,14,Mố M2:A7,1.585,0.001,11.7
C173,14,Bản mặt cầu (Deck Slab):DR1,0.6,0.001,11.7
C173,14,Bản mặt cầu (Deck Slab):DR1,0.6,0.001,11.7
C173,14,Bản mặt cầu (Deck Slab):DR1,0.6,0.001,11.7
C173,14,Mố M2:P4,0.585,0.001,11.7
C173,14,Mố M2:P4,0.585,0.001,11.7
C174,14,Gờ lan can BTCT:G3,2.344,0.001,11.7
C174,14,Mố M2:A7,1.585,0.001,11.7
C174,14,Mố M2:A7,1.585,0.001,11.7
C174,14,Mố M2:A7,1.585,0.001,11.7
C174,14,Mố M2:A7,1.585,0.001,11.7
C174,14,Bản mặt cầu (Deck Slab):DR1,0.6,0.001,11.7
C174,14,Bản mặt cầu (Deck Slab):DR1,0.6,0.001,11.7
C174,14,Bản mặt cầu (Deck Slab):DR1,0.6,0.001,11.7
C174,14,Mố M2:P4,0.585,0.001,11.7
C174,14,Mố M2:P4,0.585,0.001,11.7
C175,14,Gờ lan can BTCT:G3,2.344,0.001,11.7
C175,14,Mố M2:A7,1.585,0.001,11.7
C175,14,Mố M2:A7,1.585,0.001,11.7
C175,14,Mố M2:A7,1.585,0.001,11.7
C175,14,Mố M2:A7,1.585,0.001,11.7
C175,14,Bản mặt cầu (Deck Slab):DR1,0.6,0.001,11.7
C175,14,Bản mặt cầu (Deck Slab):DR1,0.6,0.001,11.7
C175,14,Bản mặt cầu (Deck Slab):DR1,0.6,0.001,11.7
C175,14,Mố M2:P4,0.585,0.001,11.7
C175,14,Mố M2:P4,0.585,0.001,11.7
C176,14,Gờ lan can BTCT:G3,2.344,0.001,11.7
C176,14,Mố M2:A7,1.585,0.001,11.7
C176,14,Mố M2:A7,1.585,0.001,11.7
C176,14,Mố M2:A7,1.585,0.001,11.7
C176,14,Mố M2:A7,1.585,0.001,11.7
C176,14,Bản mặt cầu (Deck Slab):DR1,0.6,0.001,11.7
C176,14,Bản mặt cầu (Deck Slab):DR1,0.6,0.001,11.7
C176,14,Bản mặt cầu (Deck Slab):DR1,0.6,0.001,11.7
C176,14,Mố M2:P4,0.585,0.001,11.7
C176,14,Mố M2:P4,0.585,0.001,11.7
C177,14,Gờ lan can BTCT:G3,2.344,0.001,11.7
C177,14,Mố M2:A7,1.585,0.001,11.7
C177,14,Mố M2:A7,1.585,0.001,11.7
C177,14,Mố M2:A7,1.585,0.001,11.7
C177,14,Mố M2:A7,1.585,0.001,11.7
C177,14,Bản mặt cầu (Deck Slab):DR1,0.6,0.001,11.7
C177,14,Bản mặt cầu (Deck Slab):DR1,0.6,0.001,11.7
C177,14,Bản mặt cầu (Deck Slab):DR1,0.6,0.001,11.7
C177,14,Mố M2:P4,0.585,0.001,11.7
C177,14,Mố M2:P4,0.585,0.001,11.7
C178,14,Gờ lan can BTCT:G3,2.344,0.001,11.7
C178,14,Mố M2:A7,1.585,0.001,11.7
C178,14,Mố M2:A7,1.585,0.001,11.7
C178,14,Mố M2:A7,1.585,0.001,11.7
C178,14,Mố M2:A7,1.585,0.001,11.7
C178,14,Bản mặt cầu (Deck Slab):DR1,0.6,0.001,11.7
C178,14,Bản mặt cầu (Deck Slab):DR1,0.6,0.001,11.7
C178,14,Bản mặt cầu (Deck Slab):DR1,0.6,0.001,11.7
C178,14,Mố M2:P4,0.585,0.001,11.7
C178,14,Mố M2:P4,0.585,0.001,11.7
C179,14,Gờ lan can BTCT:G3,2.344,0.001,11.7
C179,14,Mố M2:A7,1.585,0.001,11.7
C179,14,Mố M2:A7,1.585,0.001,11.7
C179,14,Mố M2:A7,1.585,0.001,11.7
C179,14,Mố M2:A7,1.585,0.001,11.7
C179,14,Bản mặt cầu (Deck Slab):DR1,0.6,0.001,11.7
C179,14,Bản mặt cầu (Deck Slab):DR1,0.6,0.001,11.7
C179,14,Bản mặt cầu (Deck Slab):DR1,0.6,0.001,11.7
C179,14,Mố M2:P4,0.585,0.001,11.7
C179,14,Mố M2:P4,0.585,0.001,11.7
C180,14,Gờ lan can BTCT:G3,2.344,0.001,11.7
C180,14,Mố M2:A7,1.585,0.001,11.7
C180,14,Mố M2:A7,1.585,0.001,11.7
C180,14,Mố M2:A7,1.585,0.001,11.7
C180,14,Mố M2:A7,1.585,0.001,11.7
C180,14,Bản mặt cầu (Deck Slab):DR1,0.6,0.001,11.7
C180,14,Bản mặt cầu (Deck Slab):DR1,0.6,0.001,11.7
C180,14,Bản mặt cầu (Deck Slab):DR1,0.6,0.001,11.7
C180,14,Mố M2:P4,0.585,0.001,11.7
C180,14,Mố M2:P4,0.585,0.001,11.7
C181,14,Gờ lan can BTCT:G3,2.344,0.001,11.7
C181,14,Mố M2:A7,1.585,0.001,11.7
C181,14,Mố M2:A7,1.585,0.001,11.7
C181,14,Mố M2:A7,1.585,0.001,11.7
C181,14,Mố M2:A7,1.585,0.001,11.7
C181,14,Bản mặt cầu (Deck Slab):DR1,0.6,0.001,11.7
C181,14,Bản mặt cầu (Deck Slab):DR1,0.6,0.001,11.7
C181,14,Bản mặt cầu (Deck Slab):DR1,0.6,0.001,11.7
C181,14,Mố M2:P4,0.585,0.001,11.7
C181,14,Mố M2:P4,0.585,0.001,11.7
C182,14,Gờ lan can BTCT:G3,2.344,0.001,11.7
C182,14,Mố M2:A7,1.585,0.001,11.7
C182,14,Mố M2:A7,1.585,0.001,11.7
C182,14,Mố M2:A7,1.585,0.001,11.7
C182,14,Mố M2:A7,1.585,0.001,11.7
C182,14,Bản mặt cầu (Deck Slab):DR1,0.6,0.001,11.7
C182,14,Bản mặt cầu (Deck Slab):DR1,0.6,0.001,11.7
C182,14,Bản mặt cầu (Deck Slab):DR1,0.6,0.001,11.7
C182,14,Mố M2:P4,0.585,0.001,11.7
C182,14,Mố M2:P4,0.585,0.001,11.7
C183,14,Gờ lan can BTCT:G3,2.344,0.001,11.7
C183,14,Mố M2:A7,1.585,0.001,11.7
C183,14,Mố M2:A7,1.585,0.001,11.7
C183,14,Mố M2:A7,1.585,0.001,11.7
C183,14,Mố M2:A7,1.585,0.001,11.7
C183,14,Bản mặt cầu (Deck Slab):DR1,0.6,0.001,11.7
C183,14,Bản mặt cầu (Deck Slab):DR1,0.6,0.001,11.7
C183,14,Bản mặt cầu (Deck Slab):DR1,0.6,0.001,11.7
C183,14,Mố M2:P4,0.585,0.001,11.7
C183,14,Mố M2:P4,0.585,0.001,11.7
C184,14,Gờ lan can BTCT:G3,2.344,0.001,11.7
C184,14,Mố M2:A7,1.585,0.001,11.7
C184,14,Mố M2:A7,1.585,0.001,11.7
C184,14,Mố M2:A7,1.585,0.001,11.7
C184,14,Mố M2:A7,1.585,0.001,11.7
C184,14,Bản mặt cầu (Deck Slab):DR1,0.6,0.001,11.7
C184,14,Bản mặt cầu (Deck Slab):DR1,0.6,0.001,11.7
C184,14,Bản mặt cầu (Deck Slab):DR1,0.6,0.001,11.7
C184,14,Mố M2:P4,0.585,0.001,11.7
C184,14,Mố M2:P4,0.585,0.001,11.7
C185,14,Gờ lan can BTCT:G3,2.344,0.001,11.7
C185,14,Mố M2:A7,1.585,0.001,11.7
C185,14,Mố M2:A7,1.585,0.001,11.7
C185,14,Mố M2:A7,1.585,0.001,11.7
C185,14,Mố M2:A7,1.585,0.001,11.7
C185,14,Bản mặt cầu (Deck Slab):DR1,0.6,0.001,11.7
C185,14,Bản mặt cầu (Deck Slab):DR1,0.6,0.001,11.7
C185,14,Bản mặt cầu (Deck Slab):DR1,0.6,0.001,11.7
C185,14,Mố M2:P4,0.585,0.001,11.7
C185,14,Mố M2:P4,0.585,0.001,11.7
C186,14,Gờ lan can BTCT:G3,2.344,0.001,11.7
C186,14,Mố M2:A7,1.585,0.001,11.7
C186,14,Mố M2:A7,1.585,0.001,11.7
C186,14,Mố M2:A7,1.585,0.001,11.7
C186,14,Mố M2:A7,1.585,0.001,11.7
C186,14,Bản mặt cầu (Deck Slab):DR1,0.6,0.001,11.7
C186,14,Bản mặt cầu (Deck Slab):DR1,0.6,0.001,11.7
C186,14,Bản mặt cầu (Deck Slab):DR1,0.6,0.001,11.7
C186,14,Mố M2:P4,0.585,0.001,11.7
C186,14,Mố M2:P4,0.585,0.001,11.7
C187,14,Gờ lan can BTCT:G3,2.344,0.001,11.7
C187,14,Mố M2:A7,1.585,0.001,11.7
C187,14,Mố M2:A7,1.585,0.001,11.7
C187,14,Mố M2:A7,1.585,0.001,11.7
C187,14,Mố M2:A7,1.585,0.001,11.7
C187,14,Bản mặt cầu (Deck Slab):DR1,0.6,0.001,11.7
C187,14,Bản mặt cầu (Deck Slab):DR1,0.6,0.001,11.7
C187,14,Bản mặt cầu (Deck Slab):DR1,0.6,0.001,11.7
C187,14,Mố M2:P4,0.585,0.001,11.7
C187,14,Mố M2:P4,0.585,0.001,11.7
C188,14,Gờ lan can BTCT:G3,2.344,0.001,11.7
C188,14,Mố M2:A7,1.585,0.001,11.7
C188,14,Mố M2:A7,1.585,0.001,11.7
C188,14,Mố M2:A7,1.585,0.001,11.7
C188,14,Mố M2:A7,1.585,0.001,11.7
C188,14,Bản mặt cầu (Deck Slab):DR1,0.6,0.001,11.7
C188,14,Bản mặt cầu (Deck Slab):DR1,0.6,0.001,11.7
C188,14,Bản mặt cầu (Deck Slab):DR1,0.6,0.001,11.7
C188,14,Mố M2:P4,0.585,0.001,11.7
C188,14,Mố M2:P4,0.585,0.001,11.7
C189,14,Gờ lan can BTCT:G3,2.344,0.001,11.7
C189,14,Mố M2:A7,1.585,0.001,11.7
C189,14,Mố M2:A7,1.585,0.001,11.7
C189,14,Mố M2:A7,1.585,0.001,11.7
C189,14,Mố M2:A7,1.585,0.001,11.7
C189,14,Bản mặt cầu (Deck Slab):DR1,0.6,0.001,11.7
C189,14,Bản mặt cầu (Deck Slab):DR1,0.6,0.001,11.7
C189,14,Bản mặt cầu (Deck Slab):DR1,0.6,0.001,11.7
C189,14,Mố M2:P4,0.585,0.001,11.7
C189,14,Mố M2:P4,0.585,0.001,11.7
C190,14,Gờ lan can BTCT:G3,2.344,0.001,11.7
C190,14,Mố M2:A7,1.585,0.001,11.7
C190,14,Mố M2:A7,1.585,0.001,11.7
C190,14,Mố M2:A7,1.585,0.001,11.7
C190,14,Mố M2:A7,1.585,0.001,11.7
C190,14,Bản mặt cầu (Deck Slab):DR1,0.6,0.001,11.7
C190,14,Bản mặt cầu (Deck Slab):DR1,0.6,0.001,11.7
C190,14,Bản mặt cầu (Deck Slab):DR1,0.6,0.001,11.7
C190,14,Mố M2:P4,0.585,0.001,11.7
C190,14,Mố M2:P4,0.585,0.001,11.7
C191,14,Gờ lan can BTCT:G3,2.344,0.001,11.7
C191,14,Mố M2:A7,1.585,0.001,11.7
C191,14,Mố M2:A7,1.585,0.001,11.7
C191,14,Mố M2:A7,1.585,0.001,11.7
C191,14,Mố M2:A7,1.585,0.001,11.7
C191,14,Bản mặt cầu (Deck Slab):DR1,0.6,0.001,11.7
C191,14,Bản mặt cầu (Deck Slab):DR1,0.6,0.001,11.7
C191,14,Bản mặt cầu (Deck Slab):DR1,0.6,0.001,11.7
C191,14,Mố M2:P4,0.585,0.001,11.7
C191,14,Mố M2:P4,0.585,0.001,11.7
C192,14,Gờ lan can BTCT:G3,2.344,0.001,11.7
C192,14,Mố M2:A7,1.585,0.001,11.7
C192,14,Mố M2:A7,1.585,0.001,11.7
C192,14,Mố M2:A7,1.585,0.001,11.7
C192,14,Mố M2:A7,1.585,0.001,11.7
C192,14,Bản mặt cầu (Deck Slab):DR1,0.6,0.001,11.7
C192,14,Bản mặt cầu (Deck Slab):DR1,0.6,0.001,11.7
C192,14,Bản mặt cầu (Deck Slab):DR1,0.6,0.001,11.7
C192,14,Mố M2:P4,0.585,0.001,11.7
C192,14,Mố M2:P4,0.585,0.001,11.7
C193,14,Gờ lan can BTCT:G3,2.344,0.001,11.7
C193,14,Mố M2:A7,1.585,0.001,11.7
C193,14,Mố M2:A7,1.585,0.001,11.7
C193,14,Mố M2:A7,1.585,0.001,11.7
C193,14,Mố M2:A7,1.585,0.001,11.7
C193,14,Bản mặt cầu (Deck Slab):DR1,0.6,0.001,11.7
C193,14,Bản mặt cầu (Deck Slab):DR1,0.6,0.001,11.7
C193,14,Bản mặt cầu (Deck Slab):DR1,0.6,0.001,11.7
C193,14,Mố M2:P4,0.585,0.001,11.7
C193,14,Mố M2:P4,0.585,0.001,11.7
C194,14,Gờ lan can BTCT:G3,2.344,0.001,11.7
C194,14,Mố M2:A7,1.585,0.001,11.7
C194,14,Mố M2:A7,1.585,0.001,11.7
C194,14,Mố M2:A7,1.585,0.001,11.7
C194,14,Mố M2:A7,1.585,0.001,11.7
C194,14,Bản mặt cầu (Deck Slab):DR1,0.6,0.001,11.7
C194,14,Bản mặt cầu (Deck Slab):DR1,0.6,0.001,11.7
C194,14,Bản mặt cầu (Deck Slab):DR1,0.6,0.001,11.7
C194,14,Mố M2:P4,0.585,0.001,11.7
C194,14,Mố M2:P4,0.585,0.001,11.7
C195,14,Mố M2:A7,1.585,0.019,11.7
C195,14,Mố M2:A7,1.585,0.019,11.7
C195,14,Mố M2:A7,1.585,0.019,11.7
C195,14,Mố M2:A7,1.585,0.019,11.7
C195,14,Mố M2:A7,1.585,0.019,11.7
C195,14,Mố M2:A7,1.585,0.019,11.7
C195,14,Mố M2:G7,1.536,0.019,11.7
C195,14,Bản mặt cầu (Deck Slab):DR1,0.6,0.019,11.7
C196,14,Gờ lan can BTCT:G3,2.344,0.03,11.7
C196,14,Mố M2:A7,1.585,0.03,11.7
C196,14,Mố M2:A7,1.585,0.03,11.7
C196,14,Mố M2:A7,1.585,0.03,11.7
C196,14,Mố M2:A7,1.585,0.03,11.7
C196,14,Mố M2:A7,1.585,0.03,11.7
C196,14,Gờ lan can BTCT:G7,1.371,0.03,11.7
C197,14,Mố M2:G7,1.536,0.002,11.7
C197,14,Mố M2:G7,1.536,0.002,11.7
C197,14,Mố M2:G7,1.536,0.002,11.7
C197,14,Mố M2:P4,0.585,0.002,11.7
C197,14,Mố M2:P4,0.585,0.002,11.7
C197,14,Mố M2:P4,0.585,0.002,11.7
C197,14,Mố M2:P4,0.585,0.002,11.7
C197,14,Mố M2:P4,0.585,0.002,11.7
C197,14,Mố M2:P4,0.585,0.002,11.7
C197,14,Mố M2:P4,0.585,0.002,11.7
C197,14,Mố M2:P4,0.585,0.002,11.7
C197,14,Mố M2:P4,0.585,0.002,11.7
C197,14,Mố M2:P4,0.585,0.002,11.7
C197,14,Mố M2:P4,0.585,0.002,11.7
C197,14,Mố M2:P4,0.585,0.002,11.7
C198,14,Mố M2:G1,5.9,0.085,11.7
C198,14,Gờ lan can BTCT:G5A,4.12,0.085,11.7
C198,14,Mố M2:A7,1.585,0.085,11.7
C199,14,Bản mặt cầu (Deck Slab):DR3,0.9,0.525,11.7
C199,14,Bản mặt cầu (Deck Slab):DR3,0.9,0.525,11.7
C199,14,Bản mặt cầu (Deck Slab):DR3,0.9,0.525,11.7
C199,14,Bản mặt cầu (Deck Slab):DR3,0.9,0.525,11.7
C199,14,Bản mặt cầu (Deck Slab):DR3,0.9,0.525,11.7
C199,14,Bản mặt cầu (Deck Slab):DR1,0.6,0.525,11.7
C199,14,Bản mặt cầu (Deck Slab):DR1,0.6,0.525,11.7
C199,14,Bản mặt cầu (Deck Slab):DR1,0.6,0.525,11.7
C199,14,Bản mặt cầu (Deck Slab):DR1,0.6,0.525,11.7
C199,14,Bản mặt cầu (Deck Slab):DR1,0.6,0.525,11.7
C199,14,Bản mặt cầu (Deck Slab):DR1,0.6,0.525,11.7
C199,14,Bản mặt cầu (Deck Slab):DR1,0.6,0.525,11.7
C199,14,Bản mặt cầu (Deck Slab):DR1,0.6,0.525,11.7
C199,14,Bản mặt cầu (Deck Slab):DR1,0.6,0.525,11.7
C199,14,Bản mặt cầu (Deck Slab):DR1,0.6,0.525,11.7
C199,14,Bản mặt cầu (Deck Slab):DR1,0.6,0.525,11.7
C200,14,Gờ lan can BTCT:G7,1.371,0.697,11.7
C200,14,Gờ lan can BTCT:G7,1.371,0.697,11.7
C200,14,Gờ lan can BTCT:G7,1.371,0.697,11.7
C200,14,Gờ lan can BTCT:G7,1.371,0.697,11.7
C200,14,Gờ lan can BTCT:G7,1.371,0.697,11.7
C200,14,Gờ lan can BTCT:G7,1.371,0.697,11.7
C200,14,Gờ lan can BTCT:G7,1.371,0.697,11.7
C200,14,Gờ lan can BTCT:G7,1.371,0.697,11.7
C201,14,Mố M2:G1,5.9,1.715,11.7
C201,14,Mố M2:A7,1.585,1.715,11.7
C201,14,Mố M2:A7,1.585,1.715,11.7
C201,14,Bản mặt cầu (Deck Slab):DR3,0.9,1.715,11.7
